mean_traffic,n_occurrences
0.00035619898699223995,0
0.0002886137517634779,0
0.0005390562582761049,0
0.0006899102590978146,0
0.0006283955881372094,0
0.002107694512233138,0
0.001894045970402658,0
0.0040259817615151405,0
0.0006977440207265317,0
0.0037269610911607742,0
0.008558209985494614,0
0.004822001326829195,0
0.002927204128354788,0
0.002770747058093548,0
0.002781724091619253,0
0.0038536128122359514,0
0.0012514536501839757,0
0.0012627108953893185,0
0.001147750997915864,0
0.001189529662951827,0
0.001192794181406498,0
0.0005084575386717916,0
0.0010126996785402298,0
0.0014429229777306318,0
0.0022731286007910967,0
0.0022244153078645468,0
0.0013930666027590632,0
0.0008038760861381888,0
0.0005876001087017357,0
0.0007139123044908047,0
0.001697914907708764,0
0.0012401591520756483,0
0.0009672786691226065,0
0.0014474010095000267,0
0.0011842756066471338,0
0.0021578373853117228,0
0.0018296714406460524,0
0.001870590029284358,0
0.0023333022836595774,0
0.0034398678690195084,0
0.014681472443044186,0
0.22149860858917236,0
0.2589857578277588,0
0.5058737993240356,0
16.071937561035156,5
52.947303771972656,9
1.122148871421814,0
0.5550025105476379,0
1.1065223217010498,0
78.053466796875,33
3.082637310028076,10
1.1444909572601318,0
0.8441392183303833,26
0.9727826118469238,1
1.044419527053833,0
0.17036066949367523,0
0.2260303944349289,0
0.07303775101900101,0
0.04293626919388771,0
0.029030567035079002,0
0.013742025941610336,0
0.0006792687345296144,0
0.00023605843307450414,0
0.00048338709166273475,0
0.00028971998835913837,0
0.00034798344131559134,0
0.008328128606081009,0
0.008761672303080559,0
0.005897486116737127,0
0.007284936495125294,0
0.006185371428728104,0
0.008515344001352787,0
0.0047003477811813354,0
0.004041879903525114,0
0.004450354725122452,0
0.0030052002985030413,0
0.0024979563895612955,0
0.0015551039250567555,0
0.002452417276799679,0
0.001872610067948699,0
0.0007019250770099461,0
0.0006546670920215547,0
0.0005852807662449777,0
0.0014296567533165216,0
0.0015134199056774378,0
0.00505258422344923,0
0.0020507273729890585,0
0.0003390783676877618,0
0.0,0
0.0002783660893328488,0
0.0005735073937103152,0
0.0009208021219819784,0
6.200083589646965e-05,0
0.0003753172350116074,0
0.0006137933814898133,0
0.0014942096313461661,0
0.0018633296713232994,0
0.002063473453745246,0
0.002887312788516283,0
0.0043185497634112835,0
0.025223683565855026,0
0.21730312705039978,0
0.3293854594230652,0
0.3213019371032715,0
0.48797646164894104,1
140.11648559570312,2
2.456857204437256,1
0.5746929049491882,0
0.2282475084066391,0
0.18553727865219116,0
18.63968849182129,2
1.4046787023544312,0
0.4563353657722473,0
45.85981369018555,1
1.63357675075531,1
1.0611499547958374,0
0.37723565101623535,0
0.18844322860240936,0
0.23765017092227936,0
0.19841769337654114,0
0.029972687363624573,0
0.015848303213715553,0
0.0006505153723992407,0
0.0006744712591171265,0
0.0012375270016491413,0
0.0018552795518189669,0
0.00023833828163333237,0
0.001974033424630761,0
0.015855804085731506,0
0.004200509749352932,0
0.005651403218507767,0
0.015705619007349014,0
0.013079822063446045,0
0.005260166246443987,0
0.009207457304000854,0
0.005097814369946718,0
0.004694310948252678,0
0.002884158631786704,0
0.0025396118871867657,0
0.0015559035819023848,0
0.0012043719179928303,0
0.0009847544133663177,0
0.00035610116901807487,0
0.00116589548997581,0
0.0007215531077235937,0
0.004814899992197752,0
0.0038769119419157505,0
0.0007883387734182179,0
8.695468568475917e-05,0
0.00032549718162044883,0
0.00035271316301077604,0
0.0005568714113906026,0
0.000422478566179052,0
0.00034239544766023755,0
0.0008981069549918175,0
0.0003568354877643287,0
0.0012145857326686382,0
0.0021420754492282867,0
0.00224306620657444,0
0.0033603771589696407,0
0.012578747235238552,0
0.1710376739501953,0
0.33285704255104065,0
0.2800576686859131,0
0.35034406185150146,0
9.321832656860352,0
0.1819981336593628,0
84.2191390991211,18
9.093234062194824,0
0.03734126687049866,1
0.02606981247663498,0
28.738309860229492,1
0.34065645933151245,2
0.1923244148492813,0
59.2012825012207,0
2.3467910289764404,0
1.0774415731430054,0
0.6076340079307556,0
0.2708497941493988,0
0.4175463318824768,0
0.028906026855111122,0
0.00454143388196826,0
0.0006568280514329672,0
7.110165824997239e-06,0
0.0003645468386821449,0
0.0006113998824730515,0
0.0007986009586602449,0
0.0006625669775530696,0
0.0007006495143286884,0
0.007299474440515041,0
0.009572076611220837,0
0.004162959288805723,0
0.003594730282202363,0
0.006666005123406649,0
0.0026909473817795515,0
0.003233835566788912,0
0.003606606973335147,0
0.002286740578711033,0
0.0037244614213705063,0
0.002136778552085161,0
0.0010683913715183735,0
0.0014330674894154072,0
0.0005471271579153836,0
0.00044163185521028936,0
0.0019308332120999694,0
0.001907789963297546,0
0.007013555150479078,0
0.0011385469697415829,0
0.0008749348926357925,0
0.0004961241502314806,0
0.0010455052834004164,0
0.0008348104311153293,0
0.0006000548601150513,0
0.0005194033146835864,0
0.0005709324614144862,0
0.0011549791088327765,0
0.001269499771296978,0
0.0019999246578663588,0
0.0008766896207816899,0
0.0014962672721594572,0
0.0065989731810987,0
0.038642723113298416,0
0.1300305873155594,0
29.240102767944336,19
3.916931390762329,22
0.4567350447177887,1
0.09189319610595703,0
0.22955778241157532,0
0.8165989518165588,0
0.0043221754021942616,0
0.42467015981674194,0
1.2501790523529053,5
1.2803301811218262,4
0.3498454689979553,0
18.131938934326172,0
14.498054504394531,0
0.9194626808166504,0
0.6250251531600952,0
1.321407437324524,0
0.6221932768821716,0
0.00281977909617126,0
0.001317624468356371,0
0.00016058728215284646,0
0.00024787100846879184,0
0.0004570069722831249,0
0.0004352490359451622,0
0.00020998239051550627,0
0.00039239166653715074,0
0.0006154821603558958,0
0.001348873833194375,0
0.0026635730173438787,0
0.005448699463158846,0
0.0017577718244865537,0
0.00020287818915676326,0
0.0025522324722260237,0
0.003702948335558176,0
0.0038824465591460466,0
0.002577632199972868,0
0.0028854254633188248,0
0.0004507344274315983,0
0.0004956499906256795,0
0.0010050464188680053,0
0.0006747255101799965,0
0.000590139243286103,0
0.0054296888411045074,0
0.00390499085187912,0
0.0009265801636502147,0
0.0008276365115307271,0
0.0011290063848719,0
0.0005510604241862893,0
0.0002926795859821141,0
0.0012077126884832978,0
0.0012797657400369644,0
0.0019707316532731056,0
0.000984345912002027,0
0.0011419306974858046,0
0.0009696812485344708,0
0.00164100993424654,0
0.005744363181293011,0
0.01584143005311489,0
0.02099919505417347,0
0.09135500341653824,0
1.069514513015747,1
3.2919299602508545,3
0.0,0
0.0004821670881938189,0
3.692255973815918,0
0.24826426804065704,0
0.004036877304315567,0
29.722684860229492,8
26.060260772705078,0
1.4096890687942505,0
0.5064614415168762,0
0.44287264347076416,0
0.3945474624633789,0
0.0024870403576642275,0
0.0011877132346853614,0
0.00022756302496418357,0
0.00029475774499587715,0
0.00030607584631070495,0
0.0002569089992903173,0
0.0003872267552651465,0
0.0012883488088846207,0
0.00098532869014889,0
0.001650582067668438,0
0.014140666462481022,0
0.004852865822613239,0
0.005206665955483913,0
0.007194173987954855,0
0.00271127512678504,0
0.0022916372399777174,0
0.0036645682994276285,0
0.0008787744445726275,0
0.0006362638087011874,0
0.0009107752121053636,0
0.0022517330944538116,0
0.000565027236007154,0
0.0008568294579163194,0
0.0007507941918447614,0
0.003907459322363138,0
0.004022147972136736,0
0.000779330322984606,0
0.0005351944710128009,0
0.0009232196025550365,0
0.0017160566058009863,0
0.0013579290825873613,0
0.000678020587656647,0
0.0003423976304475218,0
0.00021981079771649092,0
0.00035644849413074553,0
0.0007758372812531888,0
0.002131866058334708,0
0.0055076186545193195,0
0.007599299773573875,0
0.006479701958596706,0
0.02311134710907936,0
0.7796778082847595,44
0.6632116436958313,4
0.0,0
0.008709140121936798,0
0.04898453503847122,0
1.0366312265396118,0
0.3819100856781006,0
0.5825949907302856,0
0.810531497001648,0
0.5817326307296753,1
0.33372238278388977,0
0.20211577415466309,0
0.2559953033924103,0
0.007340436335653067,0
0.001246880041435361,0
0.0005739607731811702,0
0.00019977560441475362,0
7.432480924762785e-05,0
0.0004586810537148267,0
0.00034942306228913367,0
1.5081522178661544e-05,0
0.0011610417859628797,0
0.001138261053711176,0
0.008145061321556568,0
0.004980145487934351,0
0.0017716564470902085,0
0.0051575652323663235,0
0.0038901802618056536,0
0.0020447035785764456,0
0.005429551005363464,0
0.0011376531329005957,0
0.0002966250467579812,0
0.0006501993048004806,0
0.0007516295881941915,0
0.0010189912281930447,0
0.00044637336395680904,0
0.0014688052469864488,0
0.0032812003046274185,0
0.006557236425578594,0
0.0013933248119428754,0
0.0005247301887720823,0
0.0005282654310576618,0
0.00011175155668752268,0
0.00029640100547112525,0
0.00044463577796705067,0
0.00019928524852730334,0
0.00020198481797706336,0
0.0006307783187367022,0
0.0018115486018359661,0
0.006135966163128614,0
0.00503240991383791,0
0.004826404619961977,0
0.008256073109805584,0
0.062209855765104294,0
0.2077740877866745,0
1.3189746141433716,0
0.6783625483512878,0
5.876380920410156,0
2.3853821754455566,0
0.03774220496416092,0
0.24241681396961212,1
0.2990933656692505,0
0.17662031948566437,0
0.1155720204114914,0
0.11024731397628784,0
0.04010436683893204,0
0.002674596384167671,0
0.0002844802802428603,0
0.0003723335394170135,0
7.373824337264523e-05,0
0.0007329172804020345,0
0.0004980382509529591,0
0.0006181375938467681,0
0.000590451352763921,0
0.0003869332140311599,0
0.00025363918393850327,0
0.002733967499807477,0
0.001114356447942555,0
0.0029598670080304146,0
0.0032290152739733458,0
0.00451198173686862,0
0.009399622678756714,0
0.00046898642904125154,0
0.010556185618042946,0
0.00977290328592062,0
0.0007103066309355199,0
0.0011433737818151712,0
0.000819175154902041,0
0.00208800146356225,0
0.0038071139715611935,0
0.007923656143248081,0
0.0004187254817225039,0
0.00032435404136776924,0
0.0006146623636595905,0
0.0006141178891994059,0
0.00029866432305425406,0
0.0005224646301940084,0
0.0009262334788218141,0
0.0011467522708699107,0
0.0025204052217304707,0
0.005529404152184725,0
0.004561929032206535,0
0.00320887821726501,0
0.005850046407431364,0
0.03284839540719986,0
0.06331849843263626,0
0.17001475393772125,0
0.00912654958665371,0
0.16087600588798523,1
0.6232532858848572,0
0.3885362446308136,0
0.21874754130840302,0
0.3222743570804596,0
0.19690050184726715,0
0.1375790536403656,0
0.021110480651259422,0
0.0248540211468935,0
0.05862397328019142,0
0.008674640208482742,0
0.0007694464875385165,0
0.0001588453451404348,0
9.858174598775804e-05,0
7.206350710475817e-05,0
0.0005016314680688083,0
0.00042644329369068146,0
0.0005117928376421332,0
0.0009089132072404027,0
0.0010519257048144937,0
0.0005226698121987283,0
0.0016617440851405263,0
0.002380184829235077,0
0.009116037748754025,0
0.0030147412326186895,0
0.0017736562294885516,0
0.001261359080672264,0
0.012571550905704498,0
0.02268805354833603,0
0.006132227834314108,0
0.002285068854689598,0
0.0008149892673827708,0
0.0012858191039413214,0
0.00105950771830976,0
0.005303747020661831,0
0.001133814686909318,0
0.0004194110515527427,0
0.0004037251928821206,0
0.0005362639203667641,0
0.0006566784577444196,0
0.0011100713163614273,0
0.0014765554806217551,0
0.002394547453150153,0
0.003783156629651785,0
0.004286813549697399,0
0.0039479052647948265,0
0.004004739224910736,0
0.007158733904361725,0
0.03510639816522598,0
0.11716975271701813,0
0.1910191923379898,0
0.0,0
0.18512138724327087,0
49.90850830078125,1
0.748572587966919,0
0.43493232131004333,0
0.305500328540802,0
0.33644914627075195,0
0.09333845227956772,0
0.06471086293458939,0
0.020418256521224976,0
0.07588113099336624,0
0.023308001458644867,0
0.009653819724917412,0
0.0006535104475915432,0
0.00044388967216946185,0
0.0002371442096773535,0
0.00017675216076895595,0
0.0003343092103023082,0
0.0002504361036699265,0
0.0009163918439298868,0
0.0013313305098563433,0
0.0010622345143929124,0
0.0006185341626405716,0
0.0016239131800830364,0
0.0007883343496359885,0
0.0010674447985365987,0
0.0011567443143576384,0
0.0012514055706560612,0
0.0013398355804383755,0
0.001016672933474183,0
0.0033585175406187773,0
0.0010961457155644894,0
0.0007889835396781564,0
0.0008474622736684978,0
0.0005150784272700548,0
0.00034638404031284153,0
0.004494488704949617,0
0.0007577828946523368,0
0.00015099512529559433,0
0.00019215075008105487,0
0.0006948637892492115,0
0.0015311979223042727,0
0.0012884752359241247,0
0.0025512592401355505,0
0.002378063974902034,0
0.00481566833332181,0
0.003031816566362977,0
0.004329437855631113,0
0.003158249193802476,0
0.011810109950602055,0
0.07943646609783173,0
0.05740579962730408,0
0.14164768159389496,0
0.0,0
37.21326446533203,0
0.9738343954086304,0
0.39378622174263,0
0.21970324218273163,0
0.1340165138244629,0
0.09924622625112534,0
0.06629210710525513,0
0.03523624688386917,0
0.028240973129868507,0
0.05594726651906967,0
0.00410844711586833,0
0.002710591768845916,1
0.0022075646556913853,0
0.0005448434967547655,0
0.0005106588359922171,0
0.0004509124846663326,0
0.00028523342916741967,0
0.00039813818875700235,0
0.0003766000154428184,0
0.0008840438676998019,0
0.00035873561864718795,0
0.0002751529682427645,0
0.0010449072578921914,0
0.0004960966762155294,0
0.00044802669435739517,0
0.0017661605961620808,0
0.0006613646983169019,0
0.0010976670309901237,0
0.0010191787732765079,0
0.000655786192510277,0
0.000747108249925077,0
0.000296538055408746,0
0.0004501836665440351,0
0.0004377219593152404,0
0.001604385324753821,0
0.0019423250341787934,0
0.0013850117102265358,0
0.0009746032883413136,0
0.0008060772670432925,0
0.0007914768066257238,0
0.00189154630061239,0
0.0020703196059912443,0
0.0024989054072648287,0
0.004898775834590197,0
0.0026778208557516336,0
0.0025856057181954384,0
0.0027202721685171127,0
0.006397114600986242,0
0.007285646162927151,0
0.06704822182655334,0
0.10870566219091415,0
0.34229323267936707,1
0.07667779922485352,3
0.2573537230491638,0
0.1719566434621811,0
0.08964362740516663,0
0.043005894869565964,0
0.099749855697155,0
0.10925141721963882,0
0.04310089722275734,0
0.05613192170858383,0
0.013582083396613598,0
0.0008667926886118948,0
0.004284892231225967,0
0.0016015765722841024,0
0.0006246782140806317,0
0.0013516220496967435,0
0.0005318833282217383,0
0.0005071231280453503,0
0.0004680893325712532,0
0.0003279646625742316,0
0.0014015741180628538,0
0.0004424231592565775,0
0.0010159002849832177,0
0.0006031562224961817,0
0.001016321126371622,0
0.0018959722947329283,0
0.0012926951749250293,0
0.0015983420889824629,0
0.00037160012288950384,0
0.0007520997896790504,0
0.0008122352883219719,0
0.0009898015996441245,0
0.0007362747564911842,0
0.0003356563101988286,0
0.0010456281015649438,0
0.0003786529996432364,0
0.0003641995135694742,0
0.0006462792516686022,0
0.0013166136341169477,0
0.0009211042197421193,0
0.00619107112288475,0
0.002567751333117485,0
0.003690368728712201,0
0.0024373566266149282,0
0.0023768418468534946,0
0.001974001294001937,0
0.004996174015104771,0
0.007112558931112289,0
0.005941824521869421,0
0.05718686431646347,0
0.09475471824407578,0
0.554089367389679,0
0.03865377977490425,0
144.7160186767578,1
91.97222900390625,0
24.600847244262695,0
0.7556565403938293,1
0.09260861575603485,0
0.042128462344408035,0
0.043638166040182114,0
0.02919935993850231,0
0.051190003752708435,0
0.06639770418405533,0
0.08283748477697372,0
0.017472339794039726,0
0.002773712622001767,0
0.007498640567064285,0
0.003890652908012271,0
0.0014349563280120492,0
0.004255571402609348,0
0.0013910417910665274,0
0.0008086090092547238,0
0.0007825604407116771,0
0.00034941878402605653,0
0.0013237413950264454,0
0.0007294546812772751,0
0.0020040867384523153,0
0.0005190504598431289,0
0.001577778602950275,0
0.001102733425796032,0
0.0010388093069195747,0
0.000926017586607486,0
0.0005953758372925222,0
0.000515939318574965,0
0.000562062079552561,0
0.000596342608332634,0
0.00046954708523117006,0
0.000939675432164222,0
0.007712542545050383,0
0.00023388855333905667,0
0.0007351207896135747,0
0.0006418909761123359,0
0.0011333735892549157,0
0.001965495990589261,0
0.0009066881029866636,0
0.0024971263483166695,0
0.00245880545116961,0
0.0015746590215712786,0
0.0015898392302915454,0
0.0033052582293748856,0
0.0077654579654335976,0
0.005233115516602993,0
0.0034349318593740463,0
0.11290939897298813,0
0.09688165038824081,0
0.13710585236549377,0
0.2718334197998047,12
0.41668957471847534,0
3.916919708251953,1
1.2621878385543823,0
0.3030548691749573,1
0.1163267120718956,0
0.030124271288514137,0
0.0780484601855278,0
0.03848530352115631,0
0.018156705424189568,0
0.1492249071598053,0
0.062645323574543,0
0.002335197990760207,0
0.0008801940130069852,0
0.016131335869431496,0
0.005768635775893927,0
0.005582510493695736,0
0.007688208948820829,0
0.0025291081983596087,0
0.0021833814680576324,0
0.0019533364102244377,0
0.0015782505506649613,0
0.00460323691368103,0
0.0029390377458184958,0
0.0021522417664527893,0
0.002047642832621932,0
0.001772941555827856,0
0.0013328988570719957,0
0.001680034794844687,0
0.0006950602401047945,0
0.0016772111412137747,0
0.0011899863602593541,0
0.0006655663019046187,0
0.0007229543407447636,0
0.0006842119037173688,0
0.001055724686011672,0
0.0028648297302424908,0
0.000667376967612654,0
0.0015624722000211477,0
0.0014538316754624248,0
0.0024673982989042997,0
0.0012884634779766202,0
0.002168003935366869,0
0.001945504336617887,0
0.002812797436490655,0
0.0013650816399604082,0
0.002141305012628436,0
0.005622856318950653,0
0.004342030733823776,0
0.0036430787295103073,0
0.004404815845191479,0
0.08337060362100601,0
0.10925734788179398,0
0.3499399423599243,0
0.5018600225448608,0
32.9555778503418,24
0.485151082277298,2
9.389239311218262,35
0.5613813400268555,0
0.1471167802810669,0
0.03148413076996803,0
0.018647832795977592,0
0.051121827214956284,0
0.1328394114971161,0
0.0238649845123291,0
0.0020138679537922144,0
0.0020324604120105505,0
0.012224475853145123,0
0.01910819672048092,0
0.012259375303983688,0
0.0148678133264184,0
0.010384894907474518,0
0.0053083025850355625,0
0.004006940871477127,0
0.0027125151827931404,0
0.0036773178726434708,0
0.005583032034337521,0
0.0031856875866651535,0
0.004567704163491726,0
0.0020120383705943823,0
0.0012428151676431298,0
0.0022586635313928127,0
0.0009254333563148975,0
0.0008346423855982721,0
0.00082199223106727,0
0.00046589283738285303,0
0.0004009255499113351,0
0.0009834531228989363,0
0.0008036646759137511,0
0.0010843942873179913,0
0.003414915408939123,0
0.001871844520792365,0
0.0028577090706676245,0
0.0018592498963698745,0
0.0018747826106846333,0
0.002393655478954315,0
0.001704734400846064,0
0.0017707267543300986,0
0.0011946521699428558,0
0.003804159816354513,0
0.0050509157590568066,0
0.0050436765886843204,0
0.0032539935782551765,0
0.005204955115914345,0
0.10886260122060776,0
0.14132599532604218,0
0.2954429090023041,0
18.098373413085938,0
0.12252731621265411,2
0.11042676866054535,0
0.23369784653186798,0
0.26790791749954224,0
0.1297997534275055,0
0.017128027975559235,0
0.0341363288462162,0
0.21003374457359314,0
0.09025240689516068,0
0.002313221339136362,0
0.0019893276039510965,0
0.0023022592067718506,0
0.00759523781016469,0
0.017043376341462135,0
0.015414849855005741,0
0.014725295826792717,0
0.010495973750948906,0
0.009606652893126011,0
0.019650103524327278,0
0.01728380098938942,0
0.0153428316116333,0
0.012854626402258873,0
0.00487404502928257,0
0.006073501892387867,0
0.0028744880110025406,0
0.0016906458185985684,0
0.004538774024695158,0
0.0009738249937072396,0
0.0010844679782167077,0
0.0007545528351329267,0
0.00035697960993275046,0
0.0004532880848273635,0
0.0011742834467440844,0
0.0004651779308915138,0
0.01011613942682743,0
0.007864580489695072,0
0.002041403204202652,0
0.0008288311073556542,0
0.002182746771723032,0
0.0016096370527520776,0
0.0012074309634044766,0
0.001029092469252646,0
0.0012793827336281538,0
0.0015838471008464694,0
0.010326421819627285,0
0.005210751201957464,0
0.0033834786154329777,0
0.0030528302304446697,0
0.0043442281894385815,0
0.14694060385227203,0
0.13437122106552124,0
0.2048894315958023,0
0.5256942510604858,0
0.0,1
0.17837661504745483,0
0.16989202797412872,0
0.10950648039579391,0
0.10307077318429947,0
0.1030149757862091,0
0.01088362094014883,0
0.001527810818515718,0
0.021366866305470467,0
0.068669393658638,0
0.004698827862739563,0
0.00031976995524019003,0
0.001462506945244968,0
0.011116817593574524,0
0.009193127043545246,0
0.01186994556337595,0
0.009726542979478836,0
0.01946849748492241,0
0.014983913861215115,0
0.011812681332230568,0
0.011206641793251038,0
0.011730516329407692,0
0.027288824319839478,0
0.04237169027328491,0
0.020832231268286705,0
0.005213096272200346,0
0.003243380691856146,0
0.005117689725011587,0
0.00957041047513485,0
0.00193509878590703,0
0.00039449011092074215,0
0.00017425735131837428,0
0.0006047702045179904,0
0.0009352464694529772,0
0.000846145034302026,0
0.0018228677799925208,0
0.002099214121699333,0
0.0005435996572487056,0
0.0015966903883963823,0
0.0010924977250397205,0
0.0009750464232638478,0
0.0007396924193017185,0
0.0015165630029514432,0
0.002208577236160636,0
0.005649339407682419,0
0.013606807217001915,0
0.010977496393024921,0
0.01076721865683794,0
0.004692703951150179,0
0.004422065801918507,0
0.05086769536137581,0
0.17558784782886505,0
0.16936005651950836,0
0.31632518768310547,0
9.510834693908691,0
0.004369969945400953,0
0.07097218930721283,0
0.581832766532898,0
5.51101541519165,0
0.06030058488249779,0
0.04973303899168968,0
0.05159425735473633,1
0.002553787315264344,0
0.001424457528628409,0
0.0010486743412911892,0
0.005452351178973913,0
0.017402485013008118,0
0.0020176847465336323,0
0.0011251000687479973,0
0.023239392787218094,0
0.017384134232997894,0
0.02160242572426796,0
0.028286520391702652,0
0.011624559760093689,0
0.022539392113685608,0
0.014035927131772041,0
0.008364792913198471,0
0.011167818680405617,0
0.022849051281809807,0
0.0569547601044178,0
0.1259591430425644,0
0.010819094255566597,0
0.010793028399348259,0
0.007846714928746223,0
0.0057100350968539715,0
0.00636740168556571,0
0.0011738925240933895,0
0.001570737105794251,0
0.0010634750360623002,0
0.0031526731327176094,0
0.009882852435112,0
0.012579084374010563,0
0.0032830017153173685,0
0.0006211180589161813,0
0.002002069493755698,0
0.001246035797521472,0
0.000970132474321872,0
0.0015046276384964585,0
0.0017570729833096266,0
0.0035451953299343586,0
0.006536593660712242,0
0.02573200687766075,0
0.014048440381884575,0
0.011058125644922256,0
0.03550690412521362,0
0.046878207474946976,0
0.03347218781709671,0
0.3285049498081207,0
0.09805160015821457,0
0.17104437947273254,0
1.5294620990753174,0
6.378178119659424,1
18.750961303710938,3
15.376606941223145,0
13.846024513244629,0
8.508376121520996,0
0.3882162868976593,0
0.2087850570678711,0
0.04401547089219093,0
0.14185254275798798,0
0.04938685894012451,0
0.0020279879681766033,0
0.0017307688249275088,0
0.0010350353550165892,0
0.0007076130132190883,0
0.0009609396220184863,0
0.003177563427016139,0
0.0006273453473113477,0
0.04433703050017357,0
0.07458271831274033,0
0.09227461367845535,0
0.0565854012966156,0
0.05727636069059372,0
0.056831397116184235,0
0.06583473831415176,0
0.031959760934114456,0
0.11550639569759369,0
0.011746065691113472,0
0.022978970780968666,0
0.1993124932050705,0
0.02862456627190113,0
0.012253453955054283,0
0.017216172069311142,0
0.004488238599151373,0
0.001509233145043254,0
0.0017425533151254058,0
0.0012443134328350425,0
0.0023867636919021606,0
0.0021489071659743786,0
0.022831425070762634,0
0.007757775951176882,0
0.0016245044535025954,0
0.0014168659690767527,0
0.0024640762712806463,0
0.0011442084796726704,0
0.0007771241362206638,0
0.0013597154757007957,0
0.0010957446647807956,0
0.003161247819662094,0
0.003244550433009863,0
0.042565762996673584,0
0.01983906328678131,0
0.014974584802985191,0
0.06852242350578308,0
0.1325044184923172,0
0.04030633717775345,0
0.18560977280139923,0
0.09231290221214294,0
0.19075259566307068,0
0.357875794172287,0
0.5439404845237732,0
16.367549896240234,1
26.49398422241211,30
0.11675145477056503,0
0.14934180676937103,0
0.2767130136489868,0
0.31899645924568176,2
0.2568405270576477,0
0.05307629331946373,0
0.10030491650104523,0
0.05863894149661064,0
0.012549139559268951,0
0.0015410860069096088,0
0.0006394051597453654,0
0.0018827174790203571,0
0.0019671013578772545,0
0.001843813108280301,0
0.0007287997286766768,0
0.0002183598990086466,0
0.3654005229473114,0
0.34820228815078735,0
0.22349433600902557,0
0.1133866235613823,0
0.2022484689950943,0
0.059932317584753036,0
0.08113875985145569,0
0.10510630905628204,0
0.07873037457466125,0
0.016054747626185417,0
0.02243569865822792,0
0.12208028882741928,0
0.04711933061480522,0
0.025667620822787285,0
0.017212187871336937,0
0.006309150252491236,0
0.0030653143767267466,0
0.0014325986849144101,0
0.0008865491836331785,0
0.002822475042194128,0
0.011014086194336414,0
0.021956264972686768,0
0.002341963117942214,0
0.0023116772063076496,0
0.0006103712948970497,0
0.0007261838763952255,0
0.00046973585267551243,0
0.000951230525970459,0
0.0009800256229937077,0
0.003187330672517419,0
0.0022844576742500067,0
0.005147355608642101,0
0.08702489733695984,0
0.037585239857435226,0
0.007024092134088278,0
0.013602495193481445,0
0.016998205333948135,0
0.03499715402722359,0
0.05694398283958435,0
0.2573075294494629,0
0.20460925996303558,0
0.23006705939769745,0
0.3320942521095276,0
0.33586063981056213,0
0.6257591843605042,0
0.353318989276886,0
0.2042572796344757,0
0.13543982803821564,0
0.2297876924276352,0
0.06424286216497421,0
0.012537081725895405,0
0.016450105234980583,0
0.012451010756194592,0
0.005669041071087122,0
0.0006650942959822714,0
0.0004279295390006155,0
0.0008382524247281253,0
0.0002490767219569534,0
0.0013025691732764244,0
0.0008868020959198475,0
0.0004223833093419671,0
0.1312825232744217,0
0.05663203075528145,0
0.21660736203193665,0
0.49896469712257385,0
2.135833978652954,0
2.3163297176361084,0
0.5732814073562622,0
0.04592658951878548,0
0.14043931663036346,0
0.11304052919149399,0
0.028618451207876205,0
0.09523935616016388,0
0.10977914929389954,0
0.02165522612631321,0
0.01782701164484024,0
0.028897752985358238,0
0.0029918320942670107,0
0.0024163168855011463,0
0.005998147651553154,0
0.02223934419453144,0
0.023908711969852448,0
0.023386990651488304,0
0.03685809299349785,0
0.008329934440553188,0
0.005840251687914133,0
0.0008493478526361287,0
0.0016835073474794626,0
0.0009569313260726631,0
0.0023654222022742033,0
0.004077005200088024,0
0.002695283154025674,0
0.010397830046713352,0
0.11481142789125443,0
0.07173384726047516,0
0.005914134439080954,0
0.008337252773344517,0
0.00909997895359993,0
0.024635791778564453,0
0.024035373702645302,0
0.20231333374977112,0
0.17664945125579834,0
0.16453801095485687,0
0.15910939872264862,0
0.1761990189552307,0
0.27128350734710693,0
0.14731542766094208,0
0.11269581317901611,0
0.036594193428754807,0
0.04082706198096275,0
0.031167687848210335,1
0.0061409310437738895,1
0.008225729689002037,0
0.012252897955477238,0
0.0019530727295204997,0
0.0005524937296286225,0
0.0007803082116879523,0
0.0005813910975120962,0
0.0005335401510819793,0
0.0006101933540776372,0
0.0007948492420837283,0
0.0003340914845466614,0
0.5848244428634644,0
1.1845917701721191,0
0.8175134062767029,0
0.23303402960300446,0
0.7981666922569275,0
1.086024284362793,0
3.0865907669067383,0
3.5404508113861084,0
0.05398297682404518,0
0.17809027433395386,0
0.06012523174285889,0
0.08960886299610138,0
0.17263300716876984,0
0.040703125298023224,0
0.02348235249519348,0
0.009939882904291153,0
0.005584677215665579,0
0.016193965449929237,0
0.0067968727089464664,0
0.030395977199077606,0
0.024863457307219505,0
0.014717159792780876,0
0.04133714362978935,0
0.016486551612615585,0
0.04095695540308952,0
0.003529010806232691,0
0.006122014485299587,0
0.014044088311493397,0
0.007240180857479572,0
0.0020237178541719913,0
0.012578170746564865,0
0.027416393160820007,0
0.07628941535949707,0
0.19849157333374023,0
0.012728545814752579,0
0.005433492362499237,0
0.005884706042706966,0
0.029599875211715698,1
0.02393769472837448,0
0.04467656835913658,0
0.1533520221710205,0
0.12137681990861893,0
0.11667025089263916,0
0.2728002071380615,0
0.19866319000720978,0
0.1525321751832962,0
0.06304333359003067,0
0.049410443753004074,0
0.03565391153097153,0
0.03989722952246666,0
0.03594023361802101,0
0.00717849051579833,0
0.0006678994977846742,0
0.0002342430379940197,0
0.0004122511891182512,0
0.00041788123780861497,0
0.0008733299328014255,0
0.0009804812725633383,0
0.00029859066125936806,0
0.00026699999580159783,0
0.00042340048821642995,0
0.8992481827735901,0
3.365046739578247,0
2.6622331142425537,0
2.1773271560668945,0
1.3751647472381592,0
0.7833414673805237,0
1.7331994771957397,0
3.4698781967163086,0
3.412290573120117,0
2.6204137802124023,0
0.25424492359161377,0
0.14470726251602173,0
0.09932504594326019,0
0.2396593540906906,0
0.040802448987960815,0
0.013494241051375866,0
0.008923269808292389,0
0.044110700488090515,0
0.018468370661139488,0
0.01196021307259798,0
0.005777593702077866,0
0.031366124749183655,0
0.05800984054803848,0
0.029497167095541954,0
0.010965438559651375,0
0.012619414366781712,0
0.03560129180550575,0
0.12322404980659485,0
0.01874946989119053,0
0.004081918857991695,0
0.02596665732562542,0
0.02119661495089531,0
0.01628894731402397,0
0.061232250183820724,0
0.008342263288795948,0
0.012695989571511745,1
0.00752553716301918,0
0.0063397446647286415,0
0.007149598561227322,0
0.02366289123892784,0
0.06512244790792465,0
0.16617946326732635,0
0.21676254272460938,0
0.2579589784145355,0
0.15253512561321259,0
0.07918544858694077,0
0.13899777829647064,0
0.06215958297252655,0
0.016088534146547318,0
0.029185589402914047,0
0.0026687465142458677,0
0.0008589832577854395,0
0.0014842102536931634,0
0.0007690718048252165,0
0.0007928741397336125,0
0.0008473342750221491,0
0.00022755918325856328,0
0.0006300114910118282,0
0.00039470434421673417,0
0.00012114987475797534,0
0.0005785566754639149,0
12.451327323913574,0
22.140531539916992,0
15.571771621704102,0
13.187416076660156,0
1.182084560394287,0
8.866418838500977,0
3.2336699962615967,0
1.4950976371765137,0
4.11958122253418,0
46.556488037109375,0
0.4994806945323944,0
0.19460883736610413,0
0.18562477827072144,0
0.2737204134464264,0
0.1007121279835701,0
0.017483707517385483,0
0.013844260014593601,0
0.07651636004447937,0
0.049393583089113235,0
0.005357055459171534,0
0.016938356682658195,0
0.02791956253349781,0
0.02988535724580288,0
0.034417059272527695,0
0.11746584624052048,0
0.16480927169322968,0
0.195197194814682,0
0.2282639592885971,0
0.05692342668771744,0
0.00781371258199215,0
0.028132794424891472,0
0.016393279656767845,0
0.014820911921560764,0
0.02191261388361454,0
0.007104491349309683,0
0.006398383993655443,0
0.010791913606226444,0
0.011960966512560844,0
0.009948640130460262,0
0.030545925721526146,0
0.06126014515757561,0
0.03160622715950012,0
0.061876244843006134,0
0.07357113808393478,0
0.11359361559152603,0
0.05303870141506195,0
0.05375991389155388,0
0.005969928577542305,0
0.0068510910496115685,0
0.001433296245522797,0
0.0006576037267223,0
0.0007468022522516549,0
0.001050684368237853,0
8.128729677991942e-05,0
0.0004171511100139469,0
0.0001760256418492645,0
0.000264246977167204,0
0.0007638191455043852,0
0.0006048431969247758,0
0.0005120114656165242,0
0.0006007861811667681,0
71.47515106201172,0
22.90399169921875,0
0.76570063829422,0
3.300974130630493,0
24.02822494506836,0
11.100826263427734,0
2.3180196285247803,0
1.7739524841308594,0
2.6476008892059326,0
1.5777933597564697,0
0.44688135385513306,0
0.23963594436645508,0
0.08300970494747162,0
0.09441865980625153,0
0.17366273701190948,0
0.07018522918224335,0
0.044111449271440506,0
0.061801470816135406,0
0.03292913734912872,0
0.01696043089032173,0
0.06583134084939957,0
0.04763828217983246,0
0.034630294889211655,0
0.2765669524669647,0
0.28963375091552734,0
0.1703757792711258,0
0.21252824366092682,0
0.1939041167497635,0
0.250217080116272,0
0.019614342600107193,0
0.03422316163778305,0
0.021274760365486145,0
0.014091123826801777,1
0.012146873399615288,0
0.004878521431237459,0
0.02022673934698105,0
0.024928029626607895,0
0.02999836765229702,0
0.037269651889801025,0
0.0516582652926445,0
0.048634640872478485,0
0.03826354071497917,0
0.03516722097992897,0
0.021462881937623024,0
0.007813471369445324,0
0.004768362268805504,0
0.005186787806451321,0
0.0020674767438322306,0
0.0024181236512959003,0
0.002930997172370553,0
0.0009675388573668897,0
0.000356878008460626,0
0.00037651933962479234,0
0.00037727519520558417,0
0.00047750325757078826,0
0.00016664553550072014,0
0.00019878252351190895,0
0.0002765767858363688,0
0.0004237122484482825,0
0.00031792090157978237,0
0.0006606931565329432,0
0.007076316513121128,0
0.3760135769844055,0
20.607942581176758,0
0.11205112934112549,0
0.983913779258728,0
4.4894022941589355,0
20.83024787902832,0
2.6864302158355713,0
1.9101550579071045,0
0.8204324245452881,0
0.24692721664905548,0
0.25516030192375183,0
0.056899525225162506,0
0.043507471680641174,0
0.08131609112024307,0
0.13084068894386292,0
0.11036001890897751,0
0.12588796019554138,0
0.06659140437841415,0
0.08922208100557327,0
0.19569601118564606,0
0.17448627948760986,0
0.2513856291770935,0
0.37858888506889343,0
0.29542770981788635,0
0.31919941306114197,0
0.4923360347747803,11
0.24288532137870789,0
0.45900997519493103,0
0.029677825048565865,1
0.013103927485644817,0
0.010892781428992748,0
0.00751729030162096,0
0.010914559476077557,0
0.014477976597845554,0
0.020654257386922836,0
0.040640950202941895,0
0.03668718785047531,0
0.039269670844078064,0
0.03516174480319023,0
0.03452376276254654,0
0.024986352771520615,0
0.01575544662773609,0
0.008776598609983921,0
0.0024452225770801306,0
0.0019237956730648875,0
0.0016860595205798745,0
0.0034838630817830563,0
0.006206870079040527,0
0.0020791359711438417,0
0.0004475314053706825,0
0.0007598749944008887,0
7.037036994006485e-06,0
0.0002868192386813462,0
0.0002663783961907029,0
0.00021329629817046225,0
0.00015690451255068183,0
0.0002057270030491054,0
0.00035573108470998704,0
0.0005599349969998002,0
9.577732271282002e-05,0
0.1237427368760109,0
13.046015739440918,0
1.5259461402893066,0
0.9289637804031372,5
0.45984795689582825,0
0.22762548923492432,0
0.0727190300822258,0
0.04495542123913765,0
0.06087768077850342,0
0.08319545537233353,0
0.07730142772197723,0
0.09239819645881653,0
0.05496262386441231,0
0.04913802072405815,0
0.06770194321870804,0
0.04941120743751526,0
0.11489271372556686,0
5.649852275848389,0
0.890146017074585,3
5.780603885650635,1
29.938785552978516,1
2.129479169845581,1
0.3002711534500122,0
0.10626889765262604,0
0.006602500099688768,0
0.005674812477082014,0
0.00657623540610075,0
0.013567986898124218,0
0.036836542189121246,0
0.031346648931503296,0
0.027516908943653107,0
0.02431151084601879,0
0.03705613315105438,0
0.02544877491891384,0
0.03008238784968853,0
0.019055960699915886,0
0.004597569815814495,0
0.01236521452665329,0
0.0028284736908972263,0
0.001304305624216795,0
0.0014170061331242323,0
0.0013744786847382784,0
0.0010641448898240924,0
0.0010756204137578607,0
0.0016071536811068654,0
0.0005876711802557111,0
0.0003590327687561512,0
0.0009448276250623167,0
0.0006894759135320783,0
0.0,0
3.8553498598048463e-05,0
0.00022037274902686477,0
0.0002674671995919198,0
0.0007845385698601604,0
0.0003863527672365308,0
0.012819059193134308,0
0.002678727963939309,0
0.010048191994428635,1
3.6704647541046143,0
0.9617268443107605,0
0.11153796315193176,0
0.09117860347032547,0
0.055998340249061584,0
0.08077779412269592,0
0.13501229882240295,0
0.06058334931731224,0
0.08837667107582092,0
0.048019517213106155,0
0.022660359740257263,0
0.10390359163284302,0
0.052349768579006195,0
0.16587121784687042,0
0.2553393542766571,0
0.5732884407043457,0
47.99573516845703,1
76.46382904052734,0
3.0174574851989746,11
0.47179028391838074,0
0.1345878541469574,0
0.011289763264358044,0
0.008263838477432728,0
0.01854756847023964,0
0.015358245931565762,0
0.015643680468201637,0
0.018641553819179535,0
0.015208418481051922,0
0.019488902762532234,0
0.0169081911444664,0
0.01428687572479248,0
0.015621139667928219,0
0.012656990438699722,0
0.0015331703471019864,0
0.003727038623765111,0
0.0023884200491011143,0
0.001393063343130052,0
0.0008550795610062778,0
0.001582768396474421,0
0.0008058976964093745,0
0.0007981807575561106,0
0.0004472544533200562,0
0.0010138129582628608,0
0.00039999725413508713,0
0.0004603859852068126,0
0.0010834344429895282,0
3.703703623614274e-05,0
4.008188989246264e-05,0
0.0005662458133883774,0
0.0008374435710720718,0
0.0007356609567068517,0
0.0006652539013884962,0
114.14862060546875,0
19.419368743896484,0
0.0002688977983780205,0
0.0,0
0.4176444113254547,0
0.865260660648346,1
0.15736688673496246,0
0.12171616405248642,0
0.1135222390294075,0
0.059939246624708176,0
0.09375942498445511,0
0.10994445532560349,0
0.1450495421886444,0
0.1754709631204605,0
0.061104271560907364,0
0.059818241745233536,0
0.03947179391980171,0
0.12649878859519958,0
0.23245276510715485,0
0.3529772460460663,0
0.7896713614463806,0
2.577564001083374,0
0.4064894914627075,0
0.4263368546962738,0
0.07278143614530563,0
0.00837002694606781,0
0.00480803893879056,0
0.023832956328988075,0
0.011642186902463436,0
0.007079658564180136,0
0.01752452924847603,0
0.01180145051330328,0
0.010038584470748901,0
0.004140311386436224,0
0.008847341872751713,0
0.0026066445279866457,0
0.0027557113207876682,0
0.0021551954559981823,0
0.0012238858034834266,0
0.0023845210671424866,0
0.0016111793229356408,0
0.0006724146660417318,0
0.0013648479944095016,0
0.0006847722106613219,0
0.0010884709190577269,0
0.0002647033834364265,0
0.0002147253107978031,0
0.00011202078894712031,0
0.0009596077143214643,0
0.0031988604459911585,0
5.872613201063359e-06,0
0.00042900361586362123,0
0.0003837750409729779,0
0.0007682499708607793,0
0.0003460966399870813,0
0.0002678271848708391,0
2.2228450775146484,0
0.3275550603866577,0
0.06268393993377686,0
0.18087685108184814,0
0.9335868954658508,0
0.43320000171661377,0
0.15627291798591614,0
0.12346023321151733,0
0.03866036608815193,0
0.019143598154187202,0
0.25608277320861816,0
0.07680047303438187,0
0.05456779897212982,0
0.04582668095827103,0
0.09297122806310654,0
0.16727592051029205,0
0.17701831459999084,0
0.1498653143644333,0
0.2773016095161438,0
0.40196698904037476,0
0.3707558214664459,0
0.23795923590660095,0
0.3168667256832123,0
0.043657317757606506,0
0.009178821928799152,0
0.01538947131484747,0
0.020776161924004555,0
0.00770873948931694,0
0.0027148567605763674,0
0.007801172789186239,0
0.006923640612512827,0
0.008634495548903942,0
0.0019369079964235425,0
0.001596089219674468,0
0.0009901942685246468,0
0.0030691579449921846,0
0.0027840016409754753,0
0.0015254112659022212,0
0.001552131026983261,0
0.0014559227274730802,0
0.0006353378994390368,0
0.0007548272842541337,0
0.0013877097517251968,0
0.0005367163685150445,0
0.00039657772867940366,0
0.001739052589982748,0
0.0007969996077008545,0
0.0010123052634298801,0
0.0022296886891126633,0
0.0006941527244634926,0
0.00030683178920298815,0
0.000527041731402278,0
0.00029932832694612443,0
0.00023570728080812842,0
9.214566671289504e-05,0
0.0,0
4.769510269165039,0
0.48101502656936646,0
0.3447970151901245,0
0.29564884305000305,0
10.994503021240234,2
1.0265486240386963,0
0.44543159008026123,0
0.24791333079338074,0
0.34659186005592346,0
0.05446840077638626,0
0.02730577439069748,0
0.18234068155288696,0
0.2910658121109009,0
0.028254784643650055,0
0.0501733273267746,0
0.0578685961663723,0
0.12578445672988892,0
0.43749263882637024,0
0.3591756224632263,0
0.4117366671562195,0
0.7216490507125854,0
0.5101384520530701,0
0.6006926894187927,0
0.21639160811901093,0
0.013887940905988216,0
0.011202647350728512,0
0.013278770260512829,0
0.012613063678145409,0
0.006978542543947697,0
0.0021989853121340275,0
0.0025664258282631636,0
0.011295088566839695,0
0.006507212296128273,0
0.002464492805302143,0
0.001874568173661828,0
0.0014932801714166999,0
0.0023143147118389606,0
0.0019194009946659207,0
0.0015341833932325244,0
0.0009364167344756424,0
0.0018903381424024701,0
0.0010177013464272022,0
0.001036294037476182,0
0.004783377051353455,0
0.0009621129720471799,0
0.0002363708190387115,0
0.0012935163686051965,0
0.002577734412625432,0
0.0009381874115206301,0
0.001699029584415257,0
0.0017310930415987968,0
0.00014057573571335524,0
0.0009569160174578428,0
0.0003481663588900119,0
0.0005241737235337496,0
0.00014373719750437886,0
30.659820556640625,0
0.09508828818798065,0
14.100942611694336,0
2.1854004859924316,0
1.754594087600708,0
9.033836364746094,1
2.1017496585845947,3
16.005830764770508,3
11.500511169433594,4
0.298211008310318,0
0.45171424746513367,0
0.12334763258695602,0
0.1219690665602684,0
0.8956886529922485,0
1.5191985368728638,0
0.025367269292473793,0
0.026502786204218864,0
0.09728798270225525,0
0.08045129477977753,0
0.14224863052368164,0
0.23939679563045502,0
0.4308607280254364,0
0.7244822978973389,0
0.7031567096710205,0
0.2821769416332245,0
0.029047632589936256,0
0.011823680251836777,0
0.010247888043522835,0
0.012845916673541069,0
0.009590024128556252,0
0.002070089802145958,0
0.001820511999540031,0
0.006241273134946823,0
0.010740882717072964,0
0.006726966705173254,0
0.0013376385904848576,0
0.0013125193072482944,0
0.001400902634486556,0
0.0022429439704865217,0
0.0014770000707358122,0
0.0009751376928761601,0
0.0010511300060898066,0
0.005378895439207554,0
0.0020495583303272724,0
0.0018428588518872857,0
0.0011702883057296276,0
0.001374690211378038,0
0.0009028884815052152,0
0.0007750096847303212,0
0.0013186013093218207,0
0.0015673143789172173,0
0.0014655084814876318,0
0.0017710846150293946,0
0.0004703562881331891,0
0.0001896746107377112,0
1.860234624473378e-05,0
0.0006430080975405872,0
0.0005864228005520999,0
1.6127612590789795,0
1.2826805114746094,0
288.9502868652344,0
2.500124216079712,0
7.252568244934082,0
0.6426728367805481,0
2.034196138381958,0
0.8314831852912903,0
1.2128440141677856,4
32.6982536315918,1
7.39468240737915,0
4.235231876373291,1
0.31716135144233704,0
0.21584968268871307,0
0.3723902106285095,0
0.3774091899394989,0
0.5366268754005432,0
0.05346547067165375,0
0.029319869354367256,0
0.01822264865040779,0
0.03788451477885246,0
0.08028975129127502,0
0.07829482108354568,0
0.16544975340366364,0
0.25152188539505005,0
0.2535746395587921,0
0.03552766889333725,0
0.04694192484021187,0
0.027210982516407967,0
0.007228748872876167,0
0.006369248032569885,0
0.004795864690095186,0
0.0003606099635362625,0
0.002356823766604066,0
0.005106646567583084,0
0.003709386335685849,0
0.004093589726835489,0
0.002721951575949788,0
0.0022539945784956217,0
0.0018473289674147964,0
0.0019121223594993353,0
0.0011311270063742995,0
0.0009097286383621395,0
0.0008174539543688297,0
0.002122696256265044,0
0.005359800532460213,0
0.0017965617589652538,0
0.0009635670576244593,0
0.0018060114234685898,0
0.001168686430901289,0
0.00044927920680493116,0
0.0003609581617638469,0
0.0004050501447636634,0
0.0012413052609190345,0
0.0008736446616239846,0
0.0003576642775442451,0
0.00015034202078823,0
0.00031662723631598055,0
0.00038722652243450284,0
0.0005167494527995586,0
3.143627405166626,0
1.2572896480560303,0
21.549530029296875,0
37.07411193847656,0
122.56587219238281,0
1.7099939584732056,0
0.8423382639884949,0
0.721423327922821,0
0.34425824880599976,0
0.6284332871437073,0
0.5296558737754822,0
2.316882848739624,1
0.2536686360836029,2
0.39276984333992004,0
0.22181354463100433,0
0.3236638605594635,0
0.4849174916744232,0
0.27462536096572876,0
0.23426003754138947,0
0.09107153117656708,0
0.009275073185563087,0
0.016192162409424782,0
0.042494066059589386,0
0.065616175532341,0
0.05975878983736038,0
0.1822289377450943,0
0.06652330607175827,0
0.008675433695316315,0
0.028856372460722923,0
0.022496022284030914,0
0.005735435523092747,0
0.003712673205882311,0
0.0012967688962817192,0
0.0020580128766596317,0
0.0022192818578332663,0
0.003769391681998968,0
0.003237971570342779,0
0.0078393230214715,0
0.005002172198146582,0
0.0026112846098840237,0
0.001984731527045369,0
0.0010546467965468764,0
0.0007346729398705065,0
0.0016108511481434107,0
0.0006770953186787665,0
0.0019159765215590596,0
0.002105418359860778,0
0.0003247643180657178,0
0.0020644948817789555,0
0.0016106178518384695,0
0.0011459675151854753,0
0.0004334384866524488,0
0.00040673065814189613,0
0.0006292354082688689,0
0.0002509307814761996,0
0.00016601303650531918,0
0.0005966810276731849,0
0.00015033723320811987,0
0.0003174606536049396,0
0.00015674575115554035,0
0.00040503492346033454,0
0.31665125489234924,0
0.55019211769104,0
1.1564215421676636,0
24.138906478881836,0
3.455148458480835,0
1.1572657823562622,0
0.7087656259536743,0
4.886724948883057,0
0.5895929336547852,0
0.580355167388916,0
0.9390311241149902,0
0.8553003072738647,0
0.5276346802711487,0
0.41868340969085693,0
0.24236425757408142,0
0.32657700777053833,0
0.5509998202323914,0
0.5399667620658875,0
3.480689764022827,0
0.13585436344146729,0
0.019415233284235,0
0.012515814043581486,0
0.006926286965608597,0
0.02672112174332142,0
0.04377233237028122,0
0.04567140340805054,0
0.025443769991397858,0
0.005038678180426359,0
0.019788729026913643,0
0.007312214467674494,0
0.005310789681971073,0
0.002759534167125821,0
0.0007410813122987747,0
0.0022929287515580654,0
0.0017402187222614884,0
0.0019139995565637946,0
0.0015201207716017962,0
0.007448500022292137,0
0.0018330345628783107,0
0.0014598798006772995,0
0.0014278043527156115,0
0.003170981304720044,0
0.0023386620450764894,0
0.004486116115003824,0
0.0016973825404420495,0
0.0019093099981546402,0
0.0012332042679190636,0
0.00044185458682477474,0
0.0004286385665182024,0
0.0012428200570866466,0
0.0005626112106256187,0
0.0008087732130661607,0
0.0005128985503688455,0
0.0005189335206523538,0
0.0003305634018033743,0
0.0004122858517803252,0
0.0009928118670359254,0
0.000331932824337855,0
0.0006323705893009901,0
0.0003818830009549856,0
0.0001812162226997316,0
0.11979543417692184,0
0.2211519032716751,0
0.3517617881298065,0
0.5863136649131775,0
0.8847116231918335,0
0.7582265734672546,0
2.3508806228637695,0
0.7569676637649536,0
1.4889302253723145,0
0.5810543894767761,0
0.22135019302368164,0
0.7871462106704712,0
1.5478726625442505,3
1.0189579725265503,0
0.6821293234825134,0
0.2634463608264923,0
0.34870633482933044,0
0.2991298735141754,0
0.6875074505805969,0
0.7548927068710327,0
0.02900519035756588,0
0.006725279148668051,0
0.007139949128031731,0
0.0055066789500415325,0
0.02328595705330372,0
0.03271999955177307,0
0.027186840772628784,0
0.0067907958291471004,0
0.012216903269290924,0
0.00746679212898016,0
0.005482001230120659,0
0.005271099507808685,0
0.002046053996309638,0
0.002180417301133275,0
0.00280386651866138,0
0.0020443762186914682,0
0.0009864349849522114,0
0.0014993557706475258,0
0.0051258634775877,0
0.006708874367177486,0
0.0023796921595931053,0
0.0016641360707581043,0
0.0010686765890568495,0
0.0014797530602663755,0
0.0013949305284768343,0
0.0015350519679486752,0
0.0012611019192263484,0
0.0010871439008042216,0
0.0008957661339081824,0
0.00019603953114710748,0
0.0003920423041563481,0
0.0005895925569348037,0
0.0005387187120504677,0
0.0001240268611581996,0
0.0001417913445038721,0
0.00035198478144593537,0
0.00029972713673487306,0
0.0001507066481281072,0
0.00015804758004378527,0
0.0004199242976028472,0
0.00014139700215309858,0
0.06709396094083786,0
0.15584804117679596,0
0.20847631990909576,0
0.2892196774482727,0
0.4082582890987396,0
3.371917963027954,0
0.4420704245567322,0
0.20783135294914246,0
0.31737715005874634,0
0.2210698276758194,0
0.3124118447303772,0
0.5004387497901917,0
0.4188963770866394,0
0.7354665994644165,0
1.6554224491119385,14
4.656485557556152,0
1.480133056640625,0
0.3665934205055237,1
0.25001025199890137,0
0.4014149308204651,0
0.04442739486694336,0
0.008168447762727737,0
0.005550200119614601,0
0.007109275087714195,0
0.004438028205186129,0
0.009635591879487038,0
0.02177955023944378,0
0.01215452142059803,0
0.009643716737627983,0
0.012310957536101341,0
0.006381956394761801,0
0.00616907374933362,0
0.0027260766364634037,0
0.003931757993996143,0
0.003179810242727399,0
0.001722794957458973,0
0.001104418421164155,0
0.0023271183017641306,0
0.0032014125026762486,0
0.008971821516752243,0
0.003060003975406289,0
0.006387402303516865,0
0.0018250903813168406,0
0.001301249605603516,0
0.0008878449443727732,0
0.0009791742777451873,0
0.002889692783355713,0
0.0063758064061403275,0
0.001570927444845438,0
0.005140476394444704,0
0.0008881782414391637,0
0.0004473582375794649,0
0.0005004256963729858,0
0.00027837124071083963,0
0.0002179936709580943,0
0.00038461745134554803,0
0.00048044658615253866,0
0.00017101348203141242,0
0.0003379309200681746,0
0.0008237524889409542,0
0.0005036130896769464,0
0.7751479744911194,0
0.12933850288391113,0
0.08554109185934067,0
0.13378874957561493,0
0.21320463716983795,0
0.3725906312465668,0
0.2278263121843338,0
0.2696738839149475,0
0.22958756983280182,0
0.16492332518100739,0
0.25356200337409973,0
0.2658796012401581,0
0.3850902318954468,0
0.4667355418205261,0
1.200189471244812,1
41.03569412231445,2
18.544815063476562,0
3.495476007461548,0
0.3398588001728058,0
0.26454877853393555,0
0.16483056545257568,1
0.032433025538921356,0
0.004001898225396872,0
0.005601763259619474,0
0.00357442325912416,0
0.0015440534334629774,0
0.0034326743334531784,0
0.01460416428744793,0
0.011801276355981827,0
0.004921969026327133,0
0.00457462202757597,0
0.00869900081306696,0
0.008433444425463676,0
0.006398605648428202,0
0.0016341278096660972,0
0.0012963361805304885,0
0.001281056203879416,0
0.00400811480358243,0
0.00394057622179389,0
0.010455537587404251,0
0.0032279370352625847,0
0.0028591647278517485,0
0.004825844429433346,0
0.0010399655438959599,0
0.001282234094105661,0
0.002836704719811678,0
0.006223142147064209,0
0.017113858833909035,0
0.006345231551676989,0
0.006630309857428074,0
0.0020911504980176687,0
0.00019713024084921926,0
0.0004826304502785206,0
0.000661472964566201,0
0.00022166474082041532,0
0.0003238831413909793,0
0.0005855156923644245,0
0.00024214012955781072,0
0.0002738222246989608,0
8.675923891132697e-05,0
0.0008170551154762506,0
0.11338288336992264,0
0.09701252728700638,0
0.04885970428586006,0
0.06700730323791504,0
0.2179316133260727,0
0.7048594951629639,0
0.16873836517333984,0
1.8689594268798828,0
0.1440153867006302,0
0.13811638951301575,0
0.3407035171985626,0
0.3974061608314514,0
0.4206949770450592,0
0.5853667855262756,0
0.6032062768936157,0
0.5429996848106384,0
0.9152836799621582,0
8.80578899383545,0
0.5253852009773254,0
0.15294310450553894,0
0.076148122549057,1
0.13772287964820862,0
0.03774704784154892,0
0.009076678194105625,0
0.003323151031509042,0
0.0011370916618034244,0
0.0012717490317299962,0
0.0037468441296368837,0
0.011385275050997734,0
0.007959570735692978,0
0.005713799502700567,0
0.005922677926719189,0
0.012149002403020859,0
0.008934269659221172,0
0.0030395362991839647,0
0.0019371691159904003,0
0.0018594642169773579,0
0.002901993924751878,0
0.00843745470046997,0
0.01874513179063797,0
0.007500931620597839,0
0.001356684253551066,0
0.0007378802401944995,0
0.004268765449523926,0
0.0020945556461811066,0
0.010166047140955925,0
0.02878510393202305,0
0.01967472769320011,0
0.007475296035408974,0
0.01970486342906952,0
0.00854532141238451,0
0.00014576005924027413,0
0.00024357609800063074,0
0.00039526078035123646,0
0.000933367176912725,0
0.0001261698198504746,0
0.0006173790898174047,0
0.0003871717199217528,0
0.00025060042389668524,0
0.0001548141590319574,0
2.241728907392826e-05,0
0.06961376219987869,0
1.0318354368209839,0
0.10934180021286011,0
0.12267756462097168,0
0.10236286371946335,0
0.3797917366027832,0
0.6234174370765686,0
0.8085632920265198,0
0.05564757063984871,0
0.07824043184518814,0
0.14779263734817505,0
0.2951100766658783,0
0.4802783131599426,0
0.63822340965271,0
0.5869147181510925,0
0.5794492363929749,0
0.44093993306159973,0
0.5193089246749878,0
0.34592553973197937,0
0.13140450417995453,0
0.05783956125378609,0
0.07425789535045624,0
0.11611135303974152,0
0.030862826853990555,0
0.0034150718711316586,0
0.001750772469677031,0
0.0019742450676858425,0
0.003191133961081505,0
0.007054057437926531,0
0.00827095378190279,0
0.008273138664662838,0
0.00948371272534132,0
0.008784706704318523,0
0.0092233931645751,0
0.008635569363832474,0
0.00151417579036206,0
0.0037730904296040535,0
0.005466763861477375,0
0.015227788127958775,0
0.013251623138785362,0
0.0071765584871172905,0
0.009655918926000595,0
0.003741077845916152,0
0.0031168332789093256,0
0.002682719612494111,0
0.01804415136575699,0
0.0334053598344326,0
0.013173910789191723,0
0.007045684847980738,0
0.014219717122614384,0
0.015183822251856327,0
0.00026130478363484144,0
0.00020772051357198507,0
0.00027694072923623025,0
0.0003074968990404159,0
0.00030065246392041445,0
0.00045431393664330244,0
0.00039766746340319514,0
0.0002858045045286417,0
5.891292676096782e-05,0
0.00022305526363197714,0
0.18354368209838867,0
1.275631308555603,0
0.04303015023469925,0
0.21775119006633759,0
0.4384022355079651,0
0.5624338984489441,0
0.7261418104171753,0
0.16240167617797852,0
0.0581342838704586,0
0.06812582910060883,0
0.08448435366153717,0
0.11008977144956589,0
0.2377486377954483,0
0.3262544870376587,0
0.4967557191848755,0
0.5045040845870972,0
0.4652097225189209,0
0.42748233675956726,0
0.15411721169948578,0
0.04719402641057968,0
0.041311174631118774,0
0.03504147753119469,0
0.07684461772441864,0
0.036878447979688644,0
0.004168722312897444,0
0.0025033927522599697,0
0.002545159077271819,0
0.003393631661310792,0
0.0036896124947816133,0
0.007756493519991636,0
0.011156790889799595,0
0.011049000546336174,0
0.012303418479859829,0
0.033843256533145905,0
0.022455409169197083,0
0.013145312666893005,0
0.005674881860613823,0
0.006257378030568361,0
0.01976785622537136,0
0.020053396001458168,0
0.023623047396540642,0
0.015367701649665833,0
0.016263803467154503,0
0.008359256200492382,0
0.007925783284008503,0
0.017087265849113464,0
0.013852953910827637,0
0.01617634855210781,0
0.026012610644102097,0
0.011124218814074993,0
0.017358632758259773,0
0.0009444019524380565,0
0.0006433193921111524,0
0.00010808563092723489,0
0.00024662059149704874,0
0.0003705458075273782,0
0.00046789218322373927,0
0.0007362913456745446,0
0.00021745840786024928,0
0.0001684377930359915,0
0.0005092769861221313,0
0.2081390917301178,0
1.636708378791809,0
1.433426022529602,0
0.08391347527503967,0
0.49192506074905396,0
1.232850193977356,0
0.5981293320655823,0
1.9171546697616577,0
0.5796619057655334,0
0.056017979979515076,0
0.06698306649923325,0
0.06570250540971756,0
1.5966410636901855,0
0.13053642213344574,0
0.16211622953414917,0
0.3027544319629669,0
0.22498182952404022,0
0.11529726535081863,0
0.05183012783527374,0
0.05848671868443489,0
0.050966549664735794,0
0.017724182456731796,0
0.07378919422626495,0
0.04055449739098549,0
0.003662366420030594,0
0.0022397662978619337,0
0.0026443565730005503,0
0.0031668725423514843,0
0.002751295454800129,0
0.004997661337256432,0
0.012202193960547447,0
0.012170297093689442,0
0.011079730466008186,0
0.023049231618642807,0
0.04286978021264076,0
0.01494965236634016,0
0.012635604478418827,0
0.006155964452773333,0
0.01418959628790617,0
0.035885829478502274,0
0.03201022371649742,0
0.02524573914706707,0
0.02094700001180172,0
0.01857079565525055,0
0.01146326307207346,0
0.014269085600972176,0
0.01909785531461239,0
0.013997025787830353,0
0.029673565179109573,0
0.026035796850919724,0
0.00459103100001812,0
0.0005228393711149693,0
0.00026419106870889664,0
0.00010055788879981264,0
0.00011947248276555911,0
0.0003842988226097077,0
0.0006349596660584211,0
0.0009131287806667387,0
5.096886889077723e-05,0
0.00029445323161780834,0
0.0005755229503847659,0
1.293729305267334,0
1.7603060007095337,0
0.13059908151626587,0
0.7475174069404602,0
0.3660595118999481,0
0.04596768319606781,0
0.630505383014679,0
1.5717419385910034,0
1.240472674369812,0
0.1962624341249466,0
0.6410413384437561,0
0.9610485434532166,0
0.6632559299468994,0
0.7707745432853699,0
0.10728996247053146,0
0.13960769772529602,0
0.11216828972101212,0
0.08268792927265167,0
0.8074596524238586,0
1.263494849205017,0
0.04496597498655319,0
0.018991246819496155,0
0.10547877103090286,0
0.06793045997619629,0
0.0055280388332903385,0
0.0033769679721444845,0
0.0023762367200106382,0
0.0032869717106223106,0
0.007744865491986275,0
0.012547076679766178,0
0.014394745230674744,0
0.01231633871793747,0
0.008948775008320808,0
0.005810636095702648,0
0.027890294790267944,0
0.021359503269195557,0
0.011968109756708145,0
0.010419275611639023,0
0.010727820917963982,0
0.020560283213853836,0
0.01501818560063839,0
0.02344437502324581,0
0.019459443166851997,0
0.02431681752204895,0
0.029209082946181297,0
0.03243953362107277,0
0.02156371995806694,0
0.011361752636730671,0
0.03487013652920723,0
0.04511570557951927,0
0.03645428642630577,0
0.005158598534762859,0
0.001042058109305799,0
0.00014975073281675577,0
7.81481503508985e-06,0
0.0003941602190025151,0
0.0002789182181004435,0
0.0012215175665915012,0
0.00016466894885525107,0
0.00027080890140496194,0
0.00024156499421223998,0
0.11094170063734055,0
0.7840558290481567,0
0.03359754756093025,0
0.014130348339676857,0
0.09920260310173035,0
0.11594612151384354,0
0.7060474753379822,0
0.5568669438362122,0
0.35261860489845276,0
0.2802330255508423,0
0.39379578828811646,0
0.7572370767593384,0
1.1412687301635742,0
0.08372945338487625,0
0.25133025646209717,0
0.08944057673215866,0
0.5212911367416382,0
0.5788887739181519,0
0.15990127623081207,0
0.48274847865104675,0
0.21238374710083008,0
0.7806786894798279,0
0.07748515903949738,0
0.07098159939050674,0
0.047058332711458206,0
0.006049201358109713,0
0.0037772960495203733,0
0.0088955694809556,0
0.03633621707558632,0
0.06428442150354385,0
0.02958212047815323,0
0.013189791701734066,0
0.013349456712603569,0
0.00734021607786417,0
0.005721427034586668,0
0.020627042278647423,0
0.01864967681467533,0
0.028124457225203514,0
0.013561306521296501,0
0.013144543394446373,0
0.010247545316815376,0
0.012924299575388432,0
0.012647169642150402,0
0.019503546878695488,0
0.026020022109150887,0
0.03969709575176239,0
0.0365077406167984,0
0.03174611181020737,0
0.04744863882660866,0
0.0344088114798069,0
0.029931409284472466,0
0.03250335529446602,0
0.00841091014444828,0
0.0003169701958540827,0
4.8783262172946706e-05,0
0.0001396823936374858,0
0.000598198501393199,0
0.0009519407176412642,0
0.0003787826863117516,0
0.000461914693005383,0
0.00046715274220332503,0
0.2053140550851822,0
0.020441684871912003,0
0.0207064151763916,0
0.024836571887135506,0
0.061725959181785583,0
0.1821451187133789,0
0.10963703691959381,0
0.1919582337141037,0
2.7190003395080566,0
2.81554913520813,0
5.7015180587768555,0
3.6022722721099854,0
0.2570952773094177,0
0.12195079028606415,0
0.19705651700496674,0
1.0210671424865723,0
0.409671425819397,0
0.8547443151473999,0
1.7004785537719727,0
1.881230115890503,0
0.8354220986366272,0
0.3186510503292084,0
0.04331221804022789,0
0.022255871444940567,0
0.021513300016522408,0
0.02017398737370968,0
0.009255146607756615,0
0.011135733686387539,0
0.017604272812604904,0
0.07139921933412552,0
0.031952183693647385,0
0.010534246452152729,0
0.01875995472073555,0
0.0397319532930851,0
0.011258870363235474,0
0.005548442248255014,0
0.009877040050923824,0
0.0342983603477478,0
0.026924053207039833,0
0.016423389315605164,0
0.010873773135244846,0
0.0057673463597893715,0
0.012121145613491535,0
0.01994146965444088,0
0.02492321841418743,0
0.05301016941666603,0
0.050405967980623245,0
0.05781564861536026,0
0.03893871605396271,0
0.015418748371303082,0
0.018771326169371605,0
0.02150156907737255,0
0.02363438345491886,0
0.0037304984871298075,0
0.0003785470617003739,0
0.0,0
0.0005437725340016186,0
0.0007512993179261684,0
0.00024338503135368228,0
0.0007784965564496815,0
0.00048003080883063376,0
0.13793021440505981,0
0.042535290122032166,0
0.03900735452771187,0
0.060104332864284515,0
0.11274870485067368,0
0.12086501717567444,0
0.09518671780824661,0
0.1742212176322937,0
1.2855027914047241,0
0.4842291474342346,0
2.097797155380249,0
0.3456313908100128,0
0.3332050144672394,0
0.7750046849250793,0
0.692267894744873,0
0.4525960087776184,0
0.29491126537323,0
0.22268201410770416,0
3.1903328895568848,0
2.8157830238342285,0
0.9402267336845398,0
0.03470087796449661,0
0.04634930193424225,0
0.023975567892193794,0
0.04579000920057297,0
0.03783692792057991,0
0.022256340831518173,0
0.017221413552761078,0
0.020300431177020073,0
0.02880079112946987,0
0.022746354341506958,0
0.01357292477041483,0
0.020560994744300842,0
0.06915461272001266,0
0.01210985891520977,0
0.006170616019517183,0
0.004810551181435585,0
0.021564770489931107,0
0.03595442324876785,0
0.018984757363796234,0
0.010258528403937817,0
0.0043580615893006325,0
0.008972907438874245,0
0.022067023441195488,0
0.024743400514125824,0
0.03787895664572716,0
0.03592706471681595,0
0.017479300498962402,0
0.01941525563597679,0
0.034240156412124634,0
0.01829029619693756,0
0.006607745308429003,0
0.01987592875957489,0
0.014166949316859245,0
0.0005364582175388932,0
0.0,0
0.0002453144115861505,0
0.0008048517047427595,0
5.00933347211685e-05,0
0.0005080172559246421,0
0.0011834058677777648,0
0.08173992484807968,0
0.04844183847308159,0
0.05039253830909729,0
0.08529461920261383,0
0.12928150594234467,0
0.11295963078737259,0
0.08880211412906647,0
0.12734441459178925,0
0.375320702791214,0
0.5211602449417114,0
0.5421119928359985,0
0.45442378520965576,0
0.4333110451698303,0
0.4391961395740509,0
0.945407509803772,0
2.8015456199645996,0
1.615097999572754,0
0.41882431507110596,0
0.6724219918251038,0
1.316910982131958,0
0.3206731379032135,0
0.23797836899757385,0
0.06514930725097656,0
0.03799084946513176,0
0.03906141594052315,0
0.03831559419631958,0
0.017871158197522163,0
0.025974048301577568,0
0.030725382268428802,0
0.019478270784020424,0
0.013219546526670456,0
0.014476410113275051,0
0.020206864923238754,0
0.029763013124465942,0
0.021911608055233955,0
0.006486636120826006,0
0.00430325698107481,0
0.008490805514156818,0
0.04045107588171959,0
0.03582589328289032,0
0.020469075068831444,0
0.010465528815984726,0
0.011093447916209698,0
0.023129742592573166,0
0.01971009187400341,0
0.025998590514063835,0
0.02105116657912731,0
0.01697152480483055,0
0.008911775425076485,0
0.02252320572733879,0
0.015024478547275066,0
0.007754667662084103,0
0.012918771244585514,0
0.016786562278866768,0
0.022796975448727608,0
0.0003582941135391593,0
0.00010330929944757372,0
0.0002376032352913171,0
0.0003964494098909199,0
0.00044095696648582816,0
0.0011331228306517005,0
0.10953327268362045,0
0.13211548328399658,0
0.11821380257606506,0
0.16911445558071136,0
0.22640100121498108,0
0.2690870463848114,0
0.4497328996658325,0
0.47008857131004333,0
0.5769398212432861,0
0.7868396043777466,0
0.7540701627731323,0
0.6128502488136292,0
0.4766460955142975,0
0.5297933220863342,0
0.5737357139587402,0
1.0783315896987915,0
1.6140539646148682,0
1.3894304037094116,0
1.6861159801483154,0
0.3229193389415741,0
0.19848008453845978,0
0.09926000982522964,0
0.09975307434797287,0
0.07350170612335205,0
0.07032453268766403,0
0.057544901967048645,0
0.03774840012192726,0
0.03749094158411026,0
0.045293550938367844,0
0.017776498571038246,0
0.01081174984574318,0
0.01046814676374197,0
0.014356273226439953,0
0.009620520286262035,0
0.011089117266237736,0
0.0117909274995327,0
0.0082914549857378,0
0.007221728563308716,0
0.0054464139975607395,0
0.0449039489030838,0
0.022958897054195404,0
0.01598360203206539,0
0.015386558137834072,0
0.009067167527973652,0
0.012919015251100063,0
0.008118929341435432,0
0.019616851583123207,0
0.02078893966972828,0
0.012899331748485565,0
0.02574082277715206,0
0.021392809227108955,0
0.013029488734900951,0
0.007731919642537832,0
0.012486604042351246,0
0.02207205817103386,0
0.02787577547132969,0
0.0015744997654110193,0
0.00013794163533020765,0
0.000115386770630721,0
0.0006486275233328342,0
0.0009708215948194265,0
0.13300243020057678,0
0.17758065462112427,0
0.24474993348121643,0
0.6113428473472595,0
0.5803391337394714,0
0.7586828470230103,0
0.8059489130973816,0
0.7323468923568726,0
1.4038761854171753,0
1.4859813451766968,0
1.1787819862365723,0
0.9573878645896912,0
0.7002896070480347,0
0.697586715221405,0
0.6977169513702393,0
0.6987730264663696,0
1.0189013481140137,0
1.278564214706421,0
0.8364974856376648,0
1.2273948192596436,0
0.25904691219329834,0
0.14622554183006287,0
0.1210402250289917,0
0.09012964367866516,0
0.1935960203409195,0
0.09059805423021317,0
0.06619420647621155,0
0.05017539858818054,0
0.032245930284261703,0
0.02251802198588848,0
0.01224715169519186,0
0.006293958052992821,0
0.00540543906390667,0
0.008578077889978886,0
0.005822209175676107,0
0.013213545083999634,0
0.00730618042871356,0
0.00922348815947771,0
0.004551173187792301,0
0.0037398608401417732,0
0.03649044781923294,0
0.021275954321026802,0
0.030638162046670914,0
0.020073391497135162,0
0.009150921367108822,0
0.008464595302939415,0
0.022340694442391396,0
0.02420741505920887,0
0.030648404732346535,0
0.019982371479272842,0
0.023618018254637718,0
0.011233880184590816,0
0.010730232112109661,0
0.01457476057112217,0
0.01702948659658432,0
0.017763705924153328,0
0.017250116914510727,0
0.0008504396537318826,0
0.0001947128475876525,0
0.0007935127941891551,0
0.0002911456977017224,0
0.17321522533893585,0
0.17915566265583038,0
0.25342804193496704,0
4.069363117218018,0
1.1227020025253296,0
0.8729353547096252,0
0.5425054430961609,0
0.8119447827339172,0
0.9339103698730469,0
0.817125678062439,0
0.6506847739219666,0
0.7087165117263794,0
0.9533206224441528,0
0.9899648427963257,0
0.9762536883354187,0
1.5070468187332153,0
2.7655575275421143,0
2.219395637512207,0
1.2699486017227173,0
1.8076294660568237,0
1.5723328590393066,0
0.8319488167762756,0
0.5550965666770935,0
0.2531476616859436,0
0.32338130474090576,0
0.3192726671695709,0
0.13484428822994232,0
0.0815015658736229,0
0.04149182513356209,0
0.019683174788951874,0
0.01207899209111929,0
0.005717124789953232,0
0.004615761339664459,0
0.00550432363525033,0
0.007257478311657906,0
0.0048661851324141026,0
0.010238388553261757,0
0.006514264736324549,0
0.004407898057252169,0
0.004325366113334894,0
0.0043033999390900135,0
0.036038588732481,0
0.035141222178936005,0
0.022774597629904747,0
0.012852556072175503,0
0.015416493639349937,0
0.013578642159700394,0
0.030622882768511772,0
0.036731138825416565,0
0.024726931005716324,0
0.01666615530848503,0
0.003547255415469408,0
0.008993442170321941,0
0.01371315959841013,0
0.014971097931265831,0
0.017211947590112686,0
0.01689750887453556,0
0.014611217193305492,0
0.007358039729297161,0
0.004089645575731993,0
0.0008055986254476011,0
0.5852466821670532,0
0.525226354598999,0
0.5944534540176392,0
0.7027713656425476,0
1.4318293333053589,0
0.9520667791366577,0
1.569018006324768,0
1.0055384635925293,0
1.515911340713501,0
1.2178955078125,0
8.398253440856934,0
0.7744434475898743,0
0.9045475721359253,0
0.9793208241462708,0
2.7013955116271973,0
17.566165924072266,0
17.965456008911133,0
22.83071517944336,0
9.130759239196777,0
4.150288105010986,0
1.7429410219192505,0
1.4168282747268677,0
0.755215048789978,0
0.42259180545806885,0
0.2763049900531769,0
0.45488008856773376,0
0.3099837601184845,0
0.2678748667240143,0
0.07737669348716736,0
0.024726267904043198,0
0.010786080732941628,0
0.0069251577369868755,0
0.0064369444735348225,0
0.010807977057993412,0
0.009968188591301441,0
0.007866082713007927,0
0.007789416704326868,0
0.011625025421380997,0
0.005066574085503817,0
0.00391574390232563,0
0.002532540587708354,0
0.003978324122726917,0
0.017613442614674568,0
0.008429639972746372,0
0.0026389742270112038,0
0.0019298774423077703,0
0.0032194771338254213,0
0.008750188164412975,0
0.007623154670000076,0
0.0030612924601882696,0
0.005060969851911068,0
0.01354131754487753,0
0.01753530092537403,0
0.013788428157567978,0
0.015987612307071686,0
0.02812415175139904,0
0.006454413756728172,0
0.008997345343232155,0
0.011018809862434864,0
0.020621316507458687,0
0.006272223778069019,0
1.0614659786224365,0
0.7101690173149109,0
0.6325585246086121,0
1.3038523197174072,0
1.1858757734298706,0
1.3026819229125977,0
2.493105411529541,0
4.8707146644592285,0
28.497087478637695,0
64.44723510742188,0
96.94157409667969,0
49.3673095703125,0
90.45392608642578,0
130.3920135498047,0
212.34405517578125,0
56.603572845458984,0
53.46352005004883,0
23.05657958984375,0
23.151315689086914,0
26.06490707397461,0
75.880859375,0
62.46524429321289,0
3.2351529598236084,0
1.1262671947479248,0
0.6101120114326477,0
0.3401292860507965,0
0.14644819498062134,0
0.143235981464386,0
0.28209614753723145,0
0.17322836816310883,0
0.01706598699092865,0
0.010112738236784935,0
0.006545454263687134,0
0.011018370278179646,0
0.012163400650024414,0
0.010087661445140839,0
0.006874606478959322,0
0.008122006431221962,0
0.008645463734865189,0
0.0053953793831169605,0
0.00324774207547307,0
0.0027351852040737867,0
0.0015308890724554658,0
0.006213104352355003,0
0.005396516527980566,0
0.0014146532630547881,0
0.0010694648372009397,0
0.0007643926073797047,0
0.0006323768175207078,0
0.0009090155363082886,0
0.0008240515599027276,0
0.0026091691106557846,0
0.010344310663640499,0
0.019787674769759178,0
0.01613675244152546,0
0.025543121621012688,0
0.010516542010009289,0
0.007844949141144753,0
0.007648516912013292,0
0.007905266247689724,0
0.020341118797659874,0
0.46660351753234863,0
0.5783787369728088,0
0.8758601546287537,0
1.2629342079162598,0
1.255643606185913,0
2.7048580646514893,0
78.02767944335938,1
445.78021240234375,0
150.43093872070312,0
40.24568557739258,0
18.213815689086914,0
36.73338317871094,0
56.49589157104492,0
27.598352432250977,0
21.391958236694336,0
17.502391815185547,0
4.39497184753418,0
19.539527893066406,0
28.171241760253906,0
7.085293769836426,0
6.4596943855285645,0
16.530033111572266,0
29.80390167236328,0
8.197608947753906,3
1.6204890012741089,0
0.6957963109016418,0
0.6326786279678345,0
0.37843626737594604,0
0.36218178272247314,0
0.1716245412826538,0
0.18611574172973633,0
0.06410561501979828,0
0.14118951559066772,0
0.008724172599613667,0
0.006637580692768097,0
0.004985344596207142,0
0.005843364633619785,0
0.00470166327431798,0
0.010225821286439896,0
0.008217100985348225,0
0.005898706149309874,0
0.005203602369874716,0
0.00970361940562725,0
0.019696315750479698,0
0.018999679014086723,0
0.013234307989478111,0
0.0020022219978272915,0
0.0011760524939745665,0
0.0003282798279542476,0
0.0007288619526661932,0
0.001139193307608366,0
0.002140452852472663,0
0.0024101468734443188,0
0.0029407492838799953,0
0.005716787185519934,0
0.018538938835263252,0
0.0149915162473917,0
0.005384836811572313,0
0.008413925766944885,0
0.009336871095001698,0
0.017687048763036728,0
0.3534824550151825,0
0.4844510853290558,0
1.3519062995910645,0
1.324463129043579,0
2.3774755001068115,1
14.796730041503906,0
18.015344619750977,0
24.216142654418945,0
45.08718490600586,0
17.806550979614258,0
10.784379959106445,0
31.18631935119629,0
31.027971267700195,0
42.61566162109375,0
0.3664677143096924,0
15.765810012817383,0
7.812107563018799,0
3.0885910987854004,0
22.57759666442871,0
18.05513572692871,0
26.612918853759766,0
87.71736907958984,5
3.2057807445526123,5
1.0853428840637207,0
0.40097421407699585,0
0.8132570385932922,0
0.21849247813224792,0
0.16483984887599945,0
0.07591751962900162,0
0.10422135144472122,0
0.08036302775144577,0
0.02999003976583481,0
0.015494227409362793,0
0.006656217854470015,0
0.00662944046780467,0
0.003580803284421563,0
0.005879563745111227,0
0.01209590956568718,0
0.0068341996520757675,0
0.011817282997071743,0
0.02559698559343815,0
0.13078343868255615,0
0.02675439789891243,0
0.01788325421512127,0
0.004178033210337162,0
0.0014528690371662378,0
0.0004897181643173099,0
0.0005079116672277451,0
0.0014468366280198097,0
0.0013750955695286393,0
0.000798962137196213,0
0.0009454723331145942,0
0.00026075035566464067,0
0.004714589100331068,0
0.019423268735408783,0
0.01421642117202282,0
0.016378579661250114,0
0.009293152950704098,0
0.020901260897517204,0
0.45066529512405396,0
0.6037480235099792,0
1.2741647958755493,0
1.8246421813964844,0
25.150171279907227,0
87.60192108154297,0
2.3705408573150635,0
1.002346158027649,0
0.7695217728614807,0
0.0,0
0.0,0
18.53441619873047,0
8.056205749511719,0
14.336605072021484,0
6.830188274383545,0
10.261035919189453,0
10.71939754486084,0
0.37577953934669495,0
17.644847869873047,0
139.91954040527344,0
45.8466796875,0
9.48686695098877,0
0.8190485835075378,0
0.33770230412483215,0
0.12146061658859253,0
0.10381712764501572,0
0.14640353620052338,0
0.08020170032978058,0
0.03878483921289444,0
0.08376114815473557,0
0.1259842962026596,0
0.1064886748790741,0
0.03839658573269844,0
0.02325819618999958,0
0.019121045246720314,0
0.021269818767905235,0
0.01596028544008732,0
0.00875101424753666,0
0.027168987318873405,0
0.023309670388698578,0
0.02462494745850563,0
0.032565370202064514,0
0.029606182128190994,0
0.0041761258617043495,0
0.0008908587624318898,0
0.00042404624400660396,0
0.0006991293630562723,0
0.0009770337492227554,0
0.0004798170120920986,0
0.000697306590154767,0
0.00013337891141418368,0
0.0003382920695003122,0
0.005454146768897772,0
0.01938638836145401,0
0.008825376629829407,0
0.00680788978934288,0
0.023040877655148506,0
0.8415966033935547,0
1.1858742237091064,0
1.330411434173584,0
3.6732277870178223,0
18.190261840820312,0
5.736131191253662,0
1.0978742837905884,0
46.1974983215332,0
2.396916627883911,0
7.6188554763793945,0
0.25640183687210083,0
0.1528438925743103,0
7.261288166046143,0
16.168413162231445,0
36.80568313598633,0
32.24161148071289,0
2.0469558238983154,0
0.38460278511047363,0
0.19595621526241302,0
0.1280013918876648,0
0.13111715018749237,0
0.0810333639383316,0
0.07759562879800797,0
0.3907569944858551,0
0.7544878125190735,0
1.1037898063659668,0
0.12136118113994598,0
0.021700337529182434,0
0.010035650804638863,0
0.02015054039657116,0
0.05687536671757698,0
0.02862696535885334,0
0.022009899839758873,0
0.011672683991491795,0
0.021881423890590668,0
0.03706718608736992,0
0.012783809565007687,0
0.004021264147013426,0
0.004202923271805048,0
0.0018528449581936002,0
0.0007718098349869251,0
0.0011341116623952985,0
0.0009975197026506066,0
0.000448774138931185,0
0.00027867499738931656,0
0.00045907095773145556,0
0.00038867618422955275,0
0.0015973140252754092,0
0.012860561721026897,0
0.00886962004005909,0
0.0057117147371172905,0
2.242082357406616,0
1.858044147491455,0
1.6654682159423828,0
3.493581533432007,0
90.30702209472656,0
0.021138327196240425,0
11.890690803527832,0
13.353848457336426,0
0.7061046957969666,0
25.06427001953125,0
39.977867126464844,0
33.91339874267578,0
92.23670959472656,0
23.516935348510742,0
1.0925190448760986,0
0.34210336208343506,0
0.3699710965156555,0
0.4268437623977661,0
1.8489577770233154,0
0.2598714828491211,0
0.22612278163433075,0
0.24159082770347595,0
1.517564296722412,0
0.189217209815979,0
0.10919275134801865,0
0.04146239534020424,0
0.009805259294807911,0
0.017512021586298943,0
0.04986804723739624,0
0.019725598394870758,0
0.015500003471970558,0
0.19736678898334503,0
0.007693930063396692,0
0.004867028910666704,0
0.006365241017192602,0
0.004836123902350664,0
0.004076143726706505,0
0.0019025984220206738,0
0.0007527457200922072,0
0.0013871542178094387,0
0.0005281533231027424,0
0.0008334236335940659,0
0.0007790183299221098,0
0.0009433847153559327,0
0.0004475104797165841,0
0.0004868956166319549,0
0.009834378026425838,0
0.004375936929136515,0
5.269413471221924,0
3.303243637084961,0
2.2798104286193848,0
1.7618178129196167,0
84.35247802734375,0
0.006046866998076439,0
24.866735458374023,0
0.0,0
0.026422172784805298,0
3.983366012573242,0
2.3877363204956055,0
123.7186508178711,1
12.42876148223877,0
8.290735244750977,0
0.4334287643432617,0
0.32587945461273193,0
0.37898215651512146,0
0.7986278533935547,0
0.2748660147190094,0
0.18845608830451965,0
0.17927101254463196,0
0.3783017694950104,0
0.05461381748318672,0
0.2001015543937683,0
0.06696216762065887,0
0.039256323128938675,0
0.02790622040629387,0
0.04605378583073616,0
0.04563324153423309,0
0.2505854070186615,0
0.0085854921489954,0
0.0060278563760221004,0
0.004101625178009272,0
0.004740141332149506,0
0.0027906368486583233,0
0.0023819145280867815,0
0.0035456023178994656,0
0.0031299423426389694,0
0.0011796255130320787,0
0.0004858914471697062,0
0.0008303902577608824,0
0.0009429801721125841,0
0.0008343906374648213,0
0.0003486172645352781,0
0.00032304925844073296,0
0.0029300027526915073,0
5.533413887023926,2
4.652475833892822,0
3.2452847957611084,0
1.4479665756225586,0
5.737529754638672,0
66.45003509521484,0
0.22617775201797485,0
11.592680931091309,0
25.92266273498535,0
40.224647521972656,0
15.510404586791992,0
1.8234212398529053,0
0.2952999472618103,0
0.21110740303993225,0
0.16829538345336914,0
0.06376053392887115,0
0.06941435486078262,0
0.04736793786287308,0
0.021129587665200233,0
0.02297242172062397,0
0.04052558168768883,0
0.60408616065979,0
0.3516753315925598,0
0.07028397172689438,0
0.6573836207389832,0
0.04861093685030937,0
0.02273290790617466,0
0.011465534567832947,0
0.008912861347198486,0
0.0065419175662100315,0
0.00387932057492435,0
0.0024161164183169603,0
0.0018615250010043383,0
0.00120650848839432,0
0.002180251991376281,0
0.004076485987752676,0
0.0010390630923211575,0
0.0009684800170361996,0
0.0022844525519758463,0
0.0007091333391144872,0
0.00029650007490999997,0
0.0003562795463949442,0
0.00026729583623819053,0
1.6860637664794922,6
3.4692118167877197,0
4.977663993835449,0
2.2774698734283447,0
0.5343650579452515,0
19.650999069213867,0
23.66291046142578,0
0.26075050234794617,0
18.149112701416016,0
6.2171454429626465,0
3.976950168609619,0
12.054361343383789,0
31.21444320678711,0
105.43962097167969,0
4.74263858795166,0
0.23986957967281342,0
0.27951183915138245,0
0.37533247470855713,0
0.17651046812534332,0
0.05447749048471451,0
0.04720068722963333,0
0.028105132281780243,0
0.04500768333673477,0
0.05656738951802254,0
0.07166564464569092,0
0.023624002933502197,0
0.05196351185441017,0
0.11670537292957306,0
0.09796241670846939,0
0.027507323771715164,0
0.012524009682238102,0
0.01314798928797245,0
0.009033800102770329,0
0.004819514695554972,0
0.0030569182708859444,0
0.001693830476142466,0
0.0013622934930026531,0
0.0016992376185953617,0
0.00208389014005661,0
0.0014406867558136582,0
0.001543449703603983,0
0.002423090860247612,0
0.001353072584606707,0
0.0006072328542359173,0
0.0007453705766238272,0
3.167030096054077,0
2.257859468460083,0
6.320695400238037,0
3.770230531692505,0
0.5588776469230652,0
0.6329006552696228,0
2.2057101726531982,0
26.455078125,0
0.6191496849060059,0
0.0,0
20.72245216369629,0
49.69239044189453,0
8.49081802368164,0
3.3985788822174072,0
0.39557161927223206,0
0.24960622191429138,0
0.39396870136260986,0
0.1454998105764389,0
0.0857778787612915,0
0.06795866787433624,0
0.06576969474554062,0
0.06595855951309204,0
0.08493975549936295,0
0.047530632466077805,0
0.05285559594631195,0
0.0322481207549572,0
0.019967034459114075,0
0.058342546224594116,0
0.18728552758693695,0
0.12546323239803314,0
0.033563874661922455,0
0.015296673402190208,0
0.010634321719408035,0
0.0062568821012973785,0
0.0010496407048776746,0
0.0019715740345418453,0
0.0012744623236358166,0
0.0016881173942238092,0
0.0015030071372166276,0
0.0016918845940381289,0
0.0012126215733587742,0
0.0008894085767678916,0
0.00044881185749545693,0
0.0004523612151388079,0
0.44941264390945435,0
1.7058537006378174,2
7.758426666259766,0
6.2939958572387695,0
0.9666343927383423,0
0.5350971817970276,0
0.9379079937934875,0
3.7677969932556152,0
70.3017807006836,0
17.545747756958008,0
20.138513565063477,0
30.33084487915039,0
8.73425006866455,0
0.6961039304733276,0
0.21476665139198303,0
0.20110060274600983,0
0.13078071177005768,0
0.12943418323993683,0
0.11308307945728302,0
0.0831150934100151,0
0.08715645968914032,0
0.11059772968292236,0
0.09247791022062302,0
0.08459743112325668,0
0.0647658184170723,0
0.05347230285406113,0
0.053376637399196625,0
0.0677320659160614,0
0.19946083426475525,0
0.2751341462135315,0
0.17728924751281738,0
0.02748696878552437,0
0.018079141154885292,0
0.0083193713799119,0
0.003773355158045888,0
0.0016905246302485466,0
0.0016818202566355467,0
0.002052087103947997,0
0.0022756890393793583,0
0.0022576553747057915,0
0.0008467836305499077,0
0.0009406040189787745,0
0.0010674507357180119,0
0.1177249401807785,0
79.9261703491211,0
7.193201541900635,0
2.3303170204162598,0
0.514626145362854,0
1.2135189771652222,0
1.9350982904434204,0
45.16501235961914,0
52.8391227722168,0
93.32921600341797,0
80.70366668701172,0
23.015422821044922,0
97.13616943359375,0
20.867685317993164,0
30.896282196044922,0
25.060672760009766,0
1.3914495706558228,0
0.2566937804222107,0
0.3045622706413269,0
0.23559994995594025,0
0.2275516390800476,0
0.16699405014514923,0
0.11640998721122742,0
0.10548186302185059,0
0.1321411430835724,0
0.1866476684808731,0
0.10621453821659088,0
0.07760795950889587,0
0.07558706402778625,0
0.13134722411632538,0
0.09703099727630615,0
0.10394392162561417,0
0.21389096975326538,0
0.26446378231048584,0
0.029492700472474098,0
0.021772747859358788,0
0.010929101146757603,0
0.005018557421863079,0
0.0023293541744351387,0
0.003272710833698511,0
0.0021887500770390034,0
0.001607218524441123,0
0.0007918993942439556,0
0.00018104093032889068,0
0.000584446475841105,0
9.730815887451172,1
97.40135192871094,0
110.00239562988281,0
7.247786045074463,0
2.6375629901885986,0
1.3820518255233765,0
1.9522699117660522,0
2.8919003009796143,0
15.849785804748535,0
78.55815124511719,0
104.77459716796875,0
121.029052734375,0
610.9811401367188,0
28.733665466308594,0
16.322162628173828,0
1.6719249486923218,0
0.14036685228347778,0
33.20094299316406,0
17.286149978637695,0
7.9636335372924805,0
9.170827865600586,0
0.5133670568466187,0
0.2735980749130249,0
0.28818973898887634,0
0.29135799407958984,0
0.21352402865886688,0
0.1470499187707901,0
0.12174756079912186,0
0.10200917720794678,0
0.12178274244070053,0
0.20047776401042938,0
0.12423254549503326,0
0.12719273567199707,0
0.128005251288414,0
0.25461703538894653,0
0.34339427947998047,0
0.24845200777053833,0
0.031193139031529427,0
0.02096368372440338,0
0.011480330489575863,0
0.010895632207393646,0
0.002287202514708042,0
0.002576724858954549,0
0.0013436684384942055,0
0.0013911115238443017,0
0.0006866008625365794,0
0.0002515676314942539,0
30.02254867553711,0
3.24501633644104,0
9.452779769897461,0
3.4109139442443848,0
3.523170232772827,0
7.988406181335449,0
6.629393100738525,0
23.64177703857422,1
75.86895751953125,0
163.9360809326172,0
0.00016109021089505404,0
20.11974334716797,0
6.563716888427734,0
0.05545927584171295,0
3.550731897354126,0
10.706523895263672,0
95.26163482666016,0
2.0188190937042236,0
0.13134482502937317,0
0.17769502103328705,0
0.2786145508289337,0
0.4742317497730255,0
0.4455264210700989,0
0.1765909194946289,0
0.1122642308473587,0
0.10131563991308212,0
0.3598874509334564,0
1.33919095993042,0
0.22598741948604584,0
0.08118706941604614,0
0.1652923822402954,0
0.30757763981819153,0
0.3388579487800598,0
0.21217812597751617,0
0.03000822104513645,0
0.024242203682661057,0
0.019523363560438156,0
0.004155722912400961,0
0.002755791414529085,0
0.0014854875626042485,0
0.0011126211611554027,0
0.0007672413485124707,0
0.0004811807593796402,0
3.853070020675659,0
9.050613403320312,0
20.478891372680664,2
47.16429901123047,0
50.821556091308594,0
85.58151245117188,0
143.66912841796875,0
0.8837860822677612,0
30.62619972229004,0
0.00018251519941259176,0
67.37739562988281,0
48.11715316772461,0
8.37195873260498,0
30.311519622802734,0
20.50844955444336,0
2.5026323795318604,0
2.4462194442749023,0
10.103126525878906,0
1.7462047338485718,0
0.6015086770057678,0
21.37905502319336,0
0.34182336926460266,0
0.14734594523906708,0
0.13408337533473969,0
1.7858355045318604,0
29.32314109802246,0
0.17752698063850403,0
0.13995324075222015,0
0.2565186023712158,0
0.5681631565093994,0
0.2878834009170532,0
0.1930154263973236,0
0.029178503900766373,0
0.02238457091152668,0
0.014621823094785213,0
0.006313609890639782,0
0.0018009395571425557,0
0.0012578173773363233,0
0.0013812087709084153,0
0.0009371112682856619,0
5.923764705657959,0
23.54355812072754,0
361.3129577636719,0
35.98793029785156,0
56.717918395996094,0
14.483134269714355,0
0.9501080513000488,0
18.262962341308594,0
9.445389747619629,0
36.71810531616211,0
18.487215042114258,0
101.85580444335938,0
16.87673568725586,1
32.8043212890625,2
12.715632438659668,0
0.37347283959388733,0
0.20973385870456696,0
0.38105615973472595,0
33.5733757019043,0
0.8847228288650513,1
0.7593204975128174,1
0.932746171951294,0
0.34277817606925964,0
0.4448273777961731,0
0.2592885196208954,0
0.18726125359535217,0
0.02672071009874344,0
0.019028527662158012,0
0.013241344131529331,0
0.004697463940829039,0
0.004286350216716528,0
0.0032366211526095867,0
0.0008159986464306712,0
39.54920196533203,0
4.883029937744141,0
8.77180004119873,0
10.256292343139648,0
2.532318353652954,0
22.550512313842773,0
6.225383281707764,0
24.591537475585938,0
37.054866790771484,0
32.85221481323242,0
5.727413654327393,0
0.2979643642902374,0
0.40195783972740173,0
0.4030449092388153,0
24.06077003479004,10
71.35789489746094,3
2.4544851779937744,0
0.7030630707740784,0
0.2476724535226822,0
0.2781667113304138,0
0.21888965368270874,0
0.1902206391096115,0
0.026325196027755737,0
0.021410085260868073,0
0.011350263841450214,0
0.0071152192540466785,0
0.0038780025206506252,0
0.0010440906044095755,0
