basisOfRecord,date_year,decimalLatitude,decimalLongitude,eventDate,individualCount,scientificName,id,especie_normalizada,decada,traffic_at_point,traffic_buffer_mean
HumanObservation,2023,64.8959927783,-23.700686945,2023-07-14T18:16:00+00:00,,Rissa tridactyla,002cc982-f0c0-48b0-b958-8c48c3c42904,Rissa tridactyla,2020,15330.7607421875,126.02384185791016
HumanObservation,2023,64.171961993,-21.9698882103,2023-06-01T13:38:56+00:00,,Fratercula arctica,0033a903-0f15-4377-b0e3-a4296ad91d43,Fratercula arctica,2020,43.554161071777344,94.5106201171875
HumanObservation,2023,62.5749921175,5.7141126927,2023-05-30T12:11:00+02:00,,Fratercula arctica,0058e37e-3af1-498c-b15c-1865be24e6d7,Fratercula arctica,2020,1.4721359014511108,2.0275838375091553
HumanObservation,2023,65.5007822217,-24.5277847217,2023-07-16T13:40:00+00:00,,Fratercula arctica,007bb699-5d22-4787-988a-c4c46b79cb1e,Fratercula arctica,2020,0.21914801001548767,0.7743099331855774
HumanObservation,2023,66.1902531908,-17.5996958081,2023-06-06T07:26:00+00:00,,Fratercula arctica,00a194e2-9e1d-4648-884d-c24fad01624c,Fratercula arctica,2020,0.22964884340763092,1.0714818239212036
HumanObservation,2023,65.5383750811,-13.7547109389,2023-06-05T17:14:00+00:00,,Fratercula arctica,015ef741-ec4f-4fee-bafd-afc94a5d63f5,Fratercula arctica,2020,3972.853759765625,16.466697692871094
HumanObservation,2023,64.7516429867,-23.6450850065,2023-07-06T10:01:00+00:00,,Rissa tridactyla,019fa7ba-c3a0-4780-a613-f708cf16e4ac,Rissa tridactyla,2020,0.33879104256629944,8.386506080627441
HumanObservation,2023,64.1726863425,-10.9614505953,2023-10-03T09:29:00-01:00,,Rissa tridactyla,01d80f74-84e8-439b-83be-7c02dcdcc113,Rissa tridactyla,2020,0.003638319903984666,0.017900077626109123
HumanObservation,2023,63.4141998291,-19.007610321,2023-02-11T18:04:21+00:00,,Fratercula arctica,0220d6fa-10ac-4d91-8cf5-caac54adeddf,Fratercula arctica,2020,0.0,0.834265947341919
HumanObservation,2023,60.0032324928,-1.2205738185,2023-01-01T11:13:00+00:00,,Rissa tridactyla,026fe630-bbb3-45d5-ae0b-fff0344ba4be,Rissa tridactyla,2020,0.12288567423820496,2.9996299743652344
HumanObservation,2023,63.4450266958,-20.2614583281,2023-07-24T14:51:00+00:00,,Fratercula arctica,0279a69c-e856-4685-85a0-46a6211b5305,Fratercula arctica,2020,13177.1298828125,50.4283332824707
HumanObservation,2023,63.4027100667,-19.0405340672,2023-05-16T22:23:00+00:00,,Fratercula arctica,0373b9a2-957f-4b81-84b3-21e1681ad2b0,Fratercula arctica,2020,0.004046692978590727,0.9866159558296204
HumanObservation,2023,57.6977268897,11.608878724,2023-10-14T11:29:48+02:00,,Rissa tridactyla,03c1714b-303e-4a24-aa21-98064563e0bc,Rissa tridactyla,2020,3.2613418102264404,169.90647888183594
HumanObservation,2023,63.4334106445,-19.1535396576,2023-08-02T10:34:40+00:00,,Fratercula arctica,03c6a16e-72d4-4ea7-8167-f435dfcc2516,Fratercula arctica,2020,,0.7522327899932861
HumanObservation,2023,63.402554216,-19.0412649885,2023-08-12T09:40:08+00:00,,Fratercula arctica,03d1cb7c-ec25-4e04-8fab-06141767fcf0,Fratercula arctica,2020,0.004046692978590727,0.9866159558296204
HumanObservation,2023,65.4999883,-24.5268353826,2023-06-21T11:54:00+00:00,,Rissa tridactyla,03e8c90c-0974-413b-9d58-401d5bfd3d28,Rissa tridactyla,2020,0.21914801001548767,0.7743099331855774
HumanObservation,2023,59.8537802026,-1.2755630538,2023-06-17T15:38:06+01:00,,Fratercula arctica,0426880b-69e3-4a5b-8bf8-0c929441d15f,Fratercula arctica,2020,4.102808475494385,1.8420878648757935
HumanObservation,2023,64.886778055,-24.0413236117,2023-07-14T12:55:00+00:00,,Rissa tridactyla,04acb98c-b11f-40b3-afab-b6c4ee11ab36,Rissa tridactyla,2020,10.41545295715332,2.849968194961548
HumanObservation,2023,63.8121116667,-22.7142666667,2023-05-26T17:06:06+00:00,,Rissa tridactyla,051543f8-9110-4360-92c5-cf42dc3c5280,Rissa tridactyla,2020,0.25472384691238403,2.598886013031006
HumanObservation,2023,66.5562661504,-18.0135759714,2023-06-19T13:54:00+00:00,,Fratercula arctica,05fa4574-24c4-4fe0-90f6-5701ad59e2c6,Fratercula arctica,2020,6.820120811462402,14.99882698059082
HumanObservation,2023,62.4781709151,5.6692377174,2023-07-17T12:20:57+02:00,,Fratercula arctica,06a066a4-1fd0-4a8a-8e6a-5b098730c1c8,Fratercula arctica,2020,0.19028425216674805,2.7876546382904053
HumanObservation,2023,62.1017113997,-7.6476837,2023-06-10T11:43:43+01:00,,Rissa tridactyla,06ff1f36-adf6-429a-b6c1-2fd5248b1bea,Rissa tridactyla,2020,0.5274492502212524,0.3462894558906555
HumanObservation,2023,62.819015,-7.9435038,2023-06-01T10:41:00-01:00,,Rissa tridactyla,07231719-6a27-49c8-97a6-592333a4323c,Rissa tridactyla,2020,0.0341295450925827,0.017251281067728996
HumanObservation,2023,62.3269646147,-6.9417463264,2023-07-15T11:09:00+01:00,,Fratercula arctica,07652512-3199-4fc1-9975-d7272973e013,Fratercula arctica,2020,0.8316660523414612,8.45693588256836
HumanObservation,2023,58.4300796132,-3.0663895234,2023-07-29T10:59:53+01:00,,Rissa tridactyla,080f7b5f-8db3-45e9-9276-0618032774b6,Rissa tridactyla,2020,24.28426742553711,10.585668563842773
HumanObservation,2023,58.6440185822,-3.0273412541,2023-07-25,,Fratercula arctica,09b8779d-0bcf-44fa-8deb-b2ccdaeb4701,Fratercula arctica,2020,3.1868908405303955,2.516630172729492
HumanObservation,2023,65.8896420479,-18.0090112416,2023-05-30T11:42:38+00:00,,Fratercula arctica,0a4e029c-284b-476e-b0db-3161271935a8,Fratercula arctica,2020,,10.346923828125
HumanObservation,2023,64.7351503367,-23.7750942582,2023-07-19T12:27:00+00:00,,Rissa tridactyla,0b7d956f-2dc8-4d43-931c-847597dca051,Rissa tridactyla,2020,0.025411320850253105,7.502353668212891
HumanObservation,2023,63.4019938883,-19.1310977783,2023-07-23T18:41:00+00:00,,Fratercula arctica,0c7da887-dee0-4ded-a2bd-e1fc9f31c088,Fratercula arctica,2020,0.0011651238892227411,0.9701371192932129
HumanObservation,2023,65.500652897,-24.5300877022,2023-08-02T14:07:00+00:00,,Fratercula arctica,0cc34277-b38b-46ba-815b-80f27e967338,Fratercula arctica,2020,0.21914801001548767,0.7743099331855774
HumanObservation,2023,63.6159383333,-19.9888783333,2023-09-03T13:57:58+00:00,,Fratercula arctica,0ddf8698-672f-44ae-a378-599234f75ee4,Fratercula arctica,2020,,3.354182720184326
HumanObservation,2023,63.4449731843,-20.2583875189,2023-07-24T14:09:00+00:00,,Rissa tridactyla,0e5ae964-c78f-4ae3-a87f-749005727f14,Rissa tridactyla,2020,13177.1298828125,50.4283332824707
HumanObservation,2023,67.8469771432,13.089602103,2023-06-13,,Rissa tridactyla,1077dc2d-dbab-4ff9-ab3a-4ac62df8fb6b,Rissa tridactyla,2020,1.6818687915802002,57.22231674194336
HumanObservation,2023,65.3761218868,-22.9136349963,2023-06-29T02:42:00+00:00,,Rissa tridactyla,10a5257d-8565-41c2-a433-8ea93d6579f3,Rissa tridactyla,2020,31.35597801208496,1.4203054904937744
HumanObservation,2023,62.3936535761,5.6080935994,2023-06-17,,Fratercula arctica,10c77bfa-0ba8-4d3c-a87c-46be29fcab82,Fratercula arctica,2020,0.4857994019985199,63.992618560791016
HumanObservation,2023,62.1029846108,-7.6603031158,2023-08-13T13:12:07+01:00,,Fratercula arctica,10ec72da-41df-4753-8046-9bb4e1539f41,Fratercula arctica,2020,0.013127384707331657,0.31569281220436096
HumanObservation,2023,64.0705324,-22.6512494,2023-06-15T19:41:00+00:00,,Rissa tridactyla,1110991d-bddc-4dcf-885a-6a12887cf459,Rissa tridactyla,2020,1.8488099575042725,53.7739372253418
HumanObservation,2023,67.9342033333,-22.7250016667,2023-08-16T09:44:00-02:00,,Rissa tridactyla,112261c4-a925-416f-a466-b2142122e860,Rissa tridactyla,2020,0.009448503144085407,0.003972496837377548
HumanObservation,2023,66.5376408333,-18.0106761117,2023-07-20T13:34:00+00:00,,Fratercula arctica,12513e76-f2aa-4d25-8dc9-2abd118a8507,Fratercula arctica,2020,0.6121894121170044,14.761794090270996
HumanObservation,2023,59.8543369,-1.2745718,2023-06-27T08:56:00+01:00,,Fratercula arctica,12a8339e-2b93-4cb5-be7e-e6196997b6c6,Fratercula arctica,2020,4.102808475494385,1.8420878648757935
HumanObservation,2023,66.076667,-17.55,2023-05-13,1.0,Balaenoptera musculus,12faea75-7662-4e23-b4e6-45120d056b4e,Balaenoptera musculus,2020,9.621062278747559,42.36812973022461
HumanObservation,2023,63.8259179694,-21.6646661343,2023-06-12T18:01:00+00:00,,Fratercula arctica,14b54828-a989-4c57-88e8-e5407b30de0c,Fratercula arctica,2020,0.09314778447151184,0.443901926279068
HumanObservation,2023,64.7677733333,-23.6167163883,2023-07-13T17:09:00+00:00,,Rissa tridactyla,1537bdd2-7404-48ab-9b87-9e5585c83201,Rissa tridactyla,2020,10.351204872131348,9.029241561889648
HumanObservation,2023,65.3740423987,-22.9263474834,2023-06-22T11:49:00+00:00,,Fratercula arctica,15aeb059-ce40-4874-865b-68b00503beb0,Fratercula arctica,2020,266.5058898925781,1.385347604751587
HumanObservation,2023,64.7506844123,-23.6466828326,2023-07-24T15:55:00+00:00,,Rissa tridactyla,16298838-2fe7-481f-ad50-9c05d27c2915,Rissa tridactyla,2020,0.33879104256629944,8.386506080627441
HumanObservation,2023,64.1859479235,-21.8957948245,2023-06-12T11:55:00+00:00,,Fratercula arctica,16d2078c-c75d-4bf2-ad8e-d546cff1a839,Fratercula arctica,2020,7.0337138175964355,101.82608795166016
HumanObservation,2023,58.3080054576,-5.0430804587,2023-05-26T13:27:46+01:00,,Fratercula arctica,1767300f-3932-4a84-8325-80ed06ced79e,Fratercula arctica,2020,,0.4896831512451172
HumanObservation,2023,66.076667,-17.55,2023-05-13,1.0,Balaenoptera musculus,1809bb0c-d11d-412b-8bb1-a74f09a97e31,Balaenoptera musculus,2020,9.621062278747559,42.36812973022461
HumanObservation,2023,66.058082,-17.561646,2023-05-11T15:00,1.0,Balaenoptera musculus,18a1c9fc-ba16-4ff9-864d-f18ce464f510,Balaenoptera musculus,2020,10.477850914001465,45.961204528808594
HumanObservation,2023,63.4042053223,-19.1032333374,2023-07-19T14:15:20+00:00,,Fratercula arctica,18ebd5a6-da60-4e5b-8913-1c3565210ff9,Fratercula arctica,2020,0.0063093360513448715,0.9070271253585815
HumanObservation,2023,63.4042683333,-19.1032416667,2023-06-19T05:02:00+00:00,,Fratercula arctica,19bb3655-684c-4a4f-b3f0-8c5c08edc26c,Fratercula arctica,2020,0.0063093360513448715,0.9070271253585815
HumanObservation,2023,65.4992978239,-24.510755512,2023-06-30T07:41:00+00:00,,Rissa tridactyla,1a2dfee4-3071-4163-9bad-4aa85c6ec04e,Rissa tridactyla,2020,0.21914801001548767,0.7743099331855774
HumanObservation,2023,63.3969343641,-20.2975642711,2023-07-03T15:24:00+00:00,,Fratercula arctica,1a2e9e24-1c9b-49cf-a36e-a2cac6e07545,Fratercula arctica,2020,1.1087168455123901,49.423187255859375
HumanObservation,2023,61.7715682603,-6.804072758,2023-07-10T16:38:00+01:00,,Fratercula arctica,1a49df6a-9e83-4929-932c-a9fa108af7c9,Fratercula arctica,2020,15.471166610717773,2.8016974925994873
HumanObservation,2023,63.4042579173,-19.1033470759,2023-06-22T11:09:09+00:00,,Fratercula arctica,1a91fc6c-5f6c-4b54-b135-262b22de3adc,Fratercula arctica,2020,0.0063093360513448715,0.9070271253585815
HumanObservation,2023,65.5542926258,-13.756671276,2023-06-05T16:57:00+00:00,,Rissa tridactyla,1b18cb04-0899-416d-a1da-ba2d86b8f9d2,Rissa tridactyla,2020,1.1402840614318848,14.899961471557617
HumanObservation,2023,59.0935917416,-2.534343861,2023-07-21,,Fratercula arctica,1b21ae53-10ad-4eea-aedb-384cc2d00c38,Fratercula arctica,2020,0.799963653087616,2.1385064125061035
HumanObservation,2023,67.9933155693,12.8636814983,2023-07-18T11:25:00+02:00,,Rissa tridactyla,1b26a864-d0ba-441e-b969-3c690dcec3cc,Rissa tridactyla,2020,0.2843729853630066,19.872291564941406
HumanObservation,2023,63.4040405549,-19.1302256622,2023-07-28T11:18:00+00:00,,Fratercula arctica,1cfb9b63-8749-456e-9bed-e5d5d3ea2793,Fratercula arctica,2020,0.0011651238892227411,0.9701371192932129
HumanObservation,2023,65.5421225531,-13.7548249234,2023-07-23T11:51:00+00:00,,Fratercula arctica,1d9ad29b-4159-4c93-b5cc-76e3284fe55c,Fratercula arctica,2020,3972.853759765625,16.466697692871094
HumanObservation,2023,65.0952138333,-22.7046716667,2023-08-02T20:55:52+00:00,,Fratercula arctica,1e30f835-d1d9-4476-9ac1-661ec650ff7f,Fratercula arctica,2020,5.2287821769714355,34.208560943603516
HumanObservation,2023,63.4047166667,-19.1018471667,2023-06-15T14:59:50+00:00,,Fratercula arctica,1e96e3a6-381a-495e-8c6d-8da437220ac8,Fratercula arctica,2020,0.0063093360513448715,0.9070271253585815
HumanObservation,2023,65.542569,-13.755936,2023-08-11T08:30:00+00:00,,Rissa tridactyla,1eb64e8a-06d5-4b33-9d5a-d700d976cc44,Rissa tridactyla,2020,3972.853759765625,16.466697692871094
HumanObservation,2023,58.3828499191,-5.2053256902,2023-06-26T10:59:17+01:00,,Fratercula arctica,1f520817-e1cc-4f32-a0a0-51e13b112b9d,Fratercula arctica,2020,0.28383147716522217,0.7419348359107971
HumanObservation,2023,62.4106244907,5.6310079521,2023-06-17T07:48:00+02:00,,Fratercula arctica,1fbddaf4-8b0d-4b93-8adb-5cd973738459,Fratercula arctica,2020,0.5825486779212952,55.8633918762207
HumanObservation,2023,64.1720045312,-21.9246430323,2023-06-01T13:14:24+00:00,,Fratercula arctica,1fc96007-c0dc-4887-beeb-fe777e013e0b,Fratercula arctica,2020,13.033811569213867,119.03760528564453
HumanObservation,2023,64.7679027776,-23.6167672277,2023-06-02T13:17:43+00:00,,Rissa tridactyla,20e38511-aa39-4a6a-abea-4e98fdb2b9a1,Rissa tridactyla,2020,10.351204872131348,9.029241561889648
HumanObservation,2023,59.8537802026,-1.2755630538,2023-06-17T14:32:07+01:00,,Fratercula arctica,21431c04-d4af-4326-a67c-31a40d958cb1,Fratercula arctica,2020,4.102808475494385,1.8420878648757935
HumanObservation,2023,63.393694,-19.697113,2023-08-25T12:23:32,1.0,Balaenoptera musculus,2155de41-a9c0-482a-a947-90fcff299c62,Balaenoptera musculus,2020,1.029376745223999,1.062965750694275
HumanObservation,2023,65.5023261117,-24.5311747217,2023-07-16T15:28:00+00:00,,Fratercula arctica,2187cde3-e9d5-4f8d-8cc6-9af3686808ab,Fratercula arctica,2020,0.4882706105709076,0.7743099331855774
HumanObservation,2023,66.351065044,12.3141218247,2023-04-30T20:16:00+02:00,,Fratercula arctica,21b30476-d2c7-493c-9881-cd7747156375,Fratercula arctica,2020,0.6092684268951416,20.63791275024414
HumanObservation,2023,63.4027408997,-19.1310311997,2023-06-26T09:32:02+00:00,,Fratercula arctica,21d58982-14ab-48fb-984b-7660ee98def9,Fratercula arctica,2020,0.0011651238892227411,0.9701371192932129
HumanObservation,2023,59.1378109227,-3.3306199685,2023-07-13T14:30:25+01:00,,Fratercula arctica,228de70d-f5bd-4700-9816-2ce2adb5cbec,Fratercula arctica,2020,1.4877269268035889,0.5837444067001343
HumanObservation,2023,63.4111783333,-19.0221416667,2023-08-09T13:55:50+00:00,,Fratercula arctica,228f1ac2-0127-42d4-a03e-8c682e5a1ee9,Fratercula arctica,2020,0.0,0.8501032590866089
HumanObservation,2023,58.3874951457,-5.19733376,2023-07-14T14:56:00+01:00,,Fratercula arctica,229932c6-855d-4cb2-a1c4-b84459ee9f61,Fratercula arctica,2020,0.2541860342025757,0.7382798790931702
HumanObservation,2023,64.175302852,-21.9647931867,2023-06-01T13:36:10+00:00,,Fratercula arctica,22e47d4c-2605-4ed6-8add-bea365ae58eb,Fratercula arctica,2020,22.47831916809082,94.5106201171875
HumanObservation,2023,63.8807454623,-22.739565238,2023-05-14T15:51:00+00:00,,Rissa tridactyla,22fda782-b14a-4d02-b6bf-c80db8f46e9c,Rissa tridactyla,2020,0.421082079410553,2.904729127883911
HumanObservation,2023,63.4030236048,-19.0368483961,2023-08-10T19:59:30+00:00,,Fratercula arctica,2395154e-67bd-4ab8-ba13-0f4796902d26,Fratercula arctica,2020,0.004046692978590727,0.9866159558296204
HumanObservation,2023,65.496584445,-24.5150441667,2023-07-16T14:32:00+00:00,,Fratercula arctica,24519d86-b2e4-4251-b3dc-e8b1d3c99126,Fratercula arctica,2020,0.21914801001548767,0.7743099331855774
HumanObservation,2023,64.1500638542,-21.9528357322,2023-05-30T19:51:00+00:00,,Fratercula arctica,24baea47-ceab-4205-94f6-8bbcba2a441e,Fratercula arctica,2020,0.872020423412323,152.88433837890625
HumanObservation,2023,57.1580245,9.0234381997,2023-07-21T21:28:45+02:00,,Rissa tridactyla,254fe331-e6d9-4b60-869c-32bb15290ec4,Rissa tridactyla,2020,0.05674942582845688,5.780826568603516
HumanObservation,2023,64.1724289489,-21.9245684333,2023-06-01T13:18:19+00:00,,Fratercula arctica,25a0ed3e-ab6e-4432-a9ac-46d7f0095fde,Fratercula arctica,2020,13.033811569213867,119.03760528564453
HumanObservation,2023,64.1742119892,-21.9642174337,2023-06-01T13:32:56+00:00,,Fratercula arctica,2623c1dd-5396-4f1d-b6de-babcce496681,Fratercula arctica,2020,43.554161071777344,94.5106201171875
HumanObservation,2023,66.1796,-17.0109,2023-06-18T13:08:03+00:00,,Fratercula arctica,26fab7b3-85ba-4f69-80d8-95b88a9f6627,Fratercula arctica,2020,0.0316350981593132,0.12121400982141495
HumanObservation,2023,65.541336,-13.754581,2023-07-01T05:25:00+00:00,,Rissa tridactyla tridactyla,27046f37-142c-4abb-a288-2fb44d66c6e8,Rissa tridactyla,2020,3972.853759765625,16.466697692871094
HumanObservation,2023,65.5002455556,-24.5264616667,2023-08-16T14:27:00+00:00,,Rissa tridactyla,27ed0cf5-42c8-47d1-ab28-34a82f9de19b,Rissa tridactyla,2020,0.21914801001548767,0.7743099331855774
HumanObservation,2023,66.5446575986,-18.0151560692,2023-05-26T11:10:00+00:00,,Rissa tridactyla,29211e4f-b1cb-488e-8fe1-e03bf6d3dc53,Rissa tridactyla,2020,0.6121894121170044,14.879363059997559
HumanObservation,2023,66.115159493,-17.3680421495,2023-06-04T11:01:40+00:00,,Fratercula arctica,29e329de-1642-4906-a0bc-24df01eddadf,Fratercula arctica,2020,22.969921112060547,48.89598083496094
HumanObservation,2023,66.058082,-17.561646,2023-05-11T15:00,1.0,Balaenoptera musculus,2a229f68-b230-4249-a537-6d17df8f1ef8,Balaenoptera musculus,2020,10.477850914001465,45.961204528808594
HumanObservation,2023,59.8562584979,-1.2729751086,2023-07-05T10:54:58+01:00,,Fratercula arctica,2a949b03-f939-4f7e-9774-fdf3ea1fe1a5,Fratercula arctica,2020,0.6041481494903564,1.852075219154358
HumanObservation,2023,65.5010329914,-24.5283722608,2023-06-30,,Fratercula arctica,2cca35fd-52b9-48fb-bb76-7bf411f84d7c,Fratercula arctica,2020,0.21914801001548767,0.7743099331855774
HumanObservation,2023,63.4046966667,-19.1019278333,2023-08-17T16:43:04+00:00,,Fratercula arctica,2e2bf9fa-82c7-4ac6-a699-374ebadd6f8d,Fratercula arctica,2020,0.0063093360513448715,0.9070271253585815
HumanObservation,2023,66.0535244806,-22.8295140713,2023-07-24T13:17:57+00:00,,Fratercula arctica,2e395ca2-2cd6-4d64-a85c-58cbe1e1e6cb,Fratercula arctica,2020,0.9928327798843384,31.20563316345215
HumanObservation,2023,57.1573971667,9.0234,2023-05-20T19:37:52+02:00,,Rissa tridactyla,2e420ec2-d2ba-43a1-bff8-cc32545efc58,Rissa tridactyla,2020,0.05674942582845688,5.780826568603516
HumanObservation,2023,62.1635762058,-7.2231053128,2023-05-29T09:32:54+01:00,,Fratercula arctica,2ecf777a-7c76-489d-9d1f-30e09da5f105,Fratercula arctica,2020,1.0105410814285278,26.076068878173828
HumanObservation,2023,63.3969343641,-20.2975642711,2023-07-03T15:18:00+00:00,,Fratercula arctica,305c345b-9b4e-43e5-b85e-0bc7553bdb58,Fratercula arctica,2020,1.1087168455123901,49.423187255859375
HumanObservation,2023,63.404745,-20.28516,2023-06-13T11:01:00+00:00,,Rissa tridactyla,308bc5de-47db-4835-8497-d89c1548b37c,Rissa tridactyla,2020,1.1813567876815796,49.52362823486328
HumanObservation,2023,64.0821642708,-22.6886244739,2023-07-17T08:13:00+00:00,,Rissa tridactyla,31d54647-9fa7-4b2a-a08a-6a73c9169612,Rissa tridactyla,2020,0.10267352312803268,45.357322692871094
HumanObservation,2023,63.4069552783,-20.2694397217,2023-07-24T20:46:00+00:00,,Rissa tridactyla,320676d0-21d3-472c-8ed6-6fd65dc5da1e,Rissa tridactyla,2020,1.7598152160644531,49.6705436706543
HumanObservation,2023,65.502340613,-24.5316578477,2023-06-01T11:28:00+00:00,,Fratercula arctica,320912f0-2eb6-4be4-af47-27010d3183d5,Fratercula arctica,2020,0.4882706105709076,0.7793280482292175
HumanObservation,2023,65.5000216688,-24.5269292599,2023-06-21T11:54:00+00:00,,Rissa tridactyla,323f5620-9928-4b5f-9f93-9bf3c2b30c47,Rissa tridactyla,2020,0.21914801001548767,0.7743099331855774
HumanObservation,2023,62.1026057668,-7.6613796875,2023-06-11T14:10:00+01:00,,Fratercula arctica,32517cda-5b71-4f7d-a08b-aa37b74fcdd4,Fratercula arctica,2020,0.013127384707331657,0.31569281220436096
HumanObservation,2023,64.0825402664,-22.6946661348,2023-07-17T07:15:00+00:00,,Fratercula arctica,32c2f028-b2df-46ed-bbb8-3ac48a8917ac,Fratercula arctica,2020,0.10267352312803268,45.357322692871094
HumanObservation,2023,58.9684,-2.7247,2023-06-07T13:26:03,,Balaenoptera physalus,336dc2d4-6494-4419-88a8-7bfb1d2f684f,Balaenoptera physalus,2020,0.11507177352905273,2.0756800174713135
HumanObservation,2023,64.7353973,-23.775135,2023-07-07T09:31:00+00:00,,Rissa tridactyla,33756572-3abf-429d-810f-8064a8a22580,Rissa tridactyla,2020,0.025411320850253105,7.502353668212891
HumanObservation,2023,64.9336987189,-23.5104824562,2023-05-28T12:02:00+00:00,,Rissa tridactyla,344ea27e-8d9c-48f3-861d-cf157c5344cc,Rissa tridactyla,2020,0.0,58.59785842895508
HumanObservation,2023,64.1720867996,-21.9673045725,2023-06-01T13:43:49+00:00,,Fratercula arctica,3497cbdd-cb98-4053-9680-237085267c32,Fratercula arctica,2020,43.554161071777344,94.5106201171875
HumanObservation,2023,63.4018466667,-19.1226945,2023-07-06T03:17:13+00:00,,Fratercula arctica,34e6fb1a-cf4d-496e-a64a-c34c14bdfee1,Fratercula arctica,2020,0.0011651238892227411,0.9701371192932129
HumanObservation,2023,63.40353,-20.287345,2023-06-26T15:11:56+00:00,,Fratercula arctica,34e78be7-1529-4362-a33c-e330accc186f,Fratercula arctica,2020,1.1813567876815796,49.52362823486328
HumanObservation,2023,67.9548748493,12.9470719721,2023-07-03T15:47:43+02:00,,Rissa tridactyla,35aa8f2f-1a10-421e-8090-99d0b80e71a4,Rissa tridactyla,2020,0.0,63.272727966308594
HumanObservation,2023,64.895504814,-23.702979196,2023-05-30T19:51:00+00:00,,Rissa tridactyla,36260fe6-0773-4c69-9fc3-3244edfdd851,Rissa tridactyla,2020,15330.7607421875,126.02384185791016
HumanObservation,2023,66.534895555,-18.0016413883,2023-07-20T14:41:00+00:00,,Fratercula arctica,3649be45-6da7-474e-92b6-29fec9dd71bd,Fratercula arctica,2020,1.5105878114700317,14.761794090270996
HumanObservation,2023,63.4290268943,-20.2800484858,2023-07-24T21:56:00+00:00,,Fratercula arctica,36b2ba41-8e36-4baa-9af3-491c2c01ec1a,Fratercula arctica,2020,18.193933486938477,50.13553237915039
HumanObservation,2023,61.773371,-6.804691,2023-07-10T20:05:23+01:00,,Fratercula arctica,38f5ceab-5b65-46c3-94f0-cf23b1335940,Fratercula arctica,2020,15.471166610717773,2.8016974925994873
HumanObservation,2023,62.1024755,-7.66083331,2023-05-17T12:36:32+01:00,,Fratercula arctica,39640ebc-856a-47b2-bb86-964bbc761d32,Fratercula arctica,2020,0.013127384707331657,0.31569281220436096
HumanObservation,2023,64.7677192139,-23.6164738611,2023-06-02T13:24:15+00:00,,Rissa tridactyla,3997ed48-469b-42d5-8573-7e0a2f779e21,Rissa tridactyla,2020,10.351204872131348,9.029241561889648
HumanObservation,2023,65.5420700764,-13.7545316944,2023-06-05T16:43:00+00:00,,Fratercula arctica,3ad6eba9-29b8-402a-a14e-a6e9fd5f4e6d,Fratercula arctica,2020,3972.853759765625,16.466697692871094
HumanObservation,2023,64.0902424974,-21.9300654174,2023-07-03T16:41:00+00:00,,Fratercula arctica,3b1d160b-ef38-40dc-9ada-1f8b90da9452,Fratercula arctica,2020,0.024471120908856392,223.41986083984375
HumanObservation,2023,65.5428486472,-13.7588341813,2023-06-04T09:28:00+00:00,,Fratercula arctica,3ba4b7e1-e057-4afb-babe-89afd6a36b81,Fratercula arctica,2020,3972.853759765625,16.466697692871094
HumanObservation,2023,66.0527361402,-22.8321939334,2023-08-19,,Fratercula arctica,3bf5a93f-745a-4b95-97f9-0b3e2ae44abe,Fratercula arctica,2020,0.9928327798843384,31.20563316345215
HumanObservation,2023,63.4995591303,-20.1493648591,2023-07-24T12:01:00+00:00,,Fratercula arctica,3cc196b3-c467-4405-9e03-5438465ca4b7,Fratercula arctica,2020,17.919139862060547,59.81214904785156
HumanObservation,2023,64.5778595686,-14.8087170373,2023-09-13T17:30:00+00:00,,Fratercula arctica,3cf67f3b-7569-4f2e-9c19-d3d8f723a476,Fratercula arctica,2020,,0.0
HumanObservation,2023,66.076667,-17.55,2023-03-04,1.0,Balaenoptera musculus,3cfd6a36-84ce-407f-827e-7d41afaa3b89,Balaenoptera musculus,2020,9.621062278747559,42.36812973022461
HumanObservation,2023,66.1145076382,-17.3678318201,2023-05-13T11:45:44+00:00,,Fratercula arctica,3d54c8f8-2bb6-4515-b01c-f0b87f7f09bd,Fratercula arctica,2020,22.969921112060547,48.89598083496094
HumanObservation,2023,66.5389469398,-18.0132410095,2023-07-20T13:17:00+00:00,,Fratercula arctica,3e7062c0-23c1-4440-97d5-4fb8c6b04f0b,Fratercula arctica,2020,5474.111328125,14.879363059997559
HumanObservation,2023,66.0475611667,-22.8270916667,2023-07-23T11:08:52+00:00,,Fratercula arctica,3e9c1626-afab-4752-8105-bd155af666d6,Fratercula arctica,2020,3.8011436462402344,31.220014572143555
HumanObservation,2023,65.5018133333,-24.5304866667,2023-06-26T21:32:44+00:00,,Fratercula arctica,3f7c6786-ea33-4805-8c21-1400609735b3,Fratercula arctica,2020,0.4882706105709076,0.7743099331855774
HumanObservation,2023,67.9682467355,13.0389285872,2023-07-30T14:37:29+02:00,,Rissa tridactyla,3fa44d79-cb00-4f02-9b8f-090c6834033a,Rissa tridactyla,2020,2.707171678543091,75.26933288574219
HumanObservation,2023,65.2355552266,-22.8991670675,2023-06-28T07:47:00+00:00,,Rissa tridactyla,4061a541-c274-4c3a-b09c-eb26d9943fa8,Rissa tridactyla,2020,0.5570597648620605,0.4693264067173004
HumanObservation,2023,63.4256187971,-19.1828657478,2023-06-01T06:23:00+00:00,,Fratercula arctica,40697a99-715e-40f7-8e9a-22cbddbef6c5,Fratercula arctica,2020,,0.8424550294876099
HumanObservation,2023,66.1361665992,-22.8383848071,2023-08-11T13:33:00+00:00,,Fratercula arctica,40b9229f-f454-4c28-b040-2991dfcdfcf1,Fratercula arctica,2020,1.2090911865234375,3.413383960723877
HumanObservation,2023,64.0845596244,-22.6901419462,2023-07-17T07:54:00+00:00,,Rissa tridactyla,40d21012-861b-4f3b-bc26-ac94a27679c8,Rissa tridactyla,2020,0.10267352312803268,45.357322692871094
HumanObservation,2023,63.8270490762,-22.2126965225,2023-06-11T15:53:46+00:00,,Fratercula arctica,4174d7c0-aed5-47ca-8203-1dcc4c8e3ddd,Fratercula arctica,2020,0.3726198375225067,22.744691848754883
HumanObservation,2023,66.5634155273,-18.0180644989,2023-06-18T13:37:33+00:00,,Fratercula arctica,417fb599-720a-495e-9721-b7127bc97c6e,Fratercula arctica,2020,6.820120811462402,15.006619453430176
HumanObservation,2023,66.548875,-18.0247666667,2023-05-26T11:48:51+00:00,,Fratercula arctica,41caae22-08a2-45e8-a236-a5a79cbe90b5,Fratercula arctica,2020,11.773824691772461,14.99882698059082
HumanObservation,2023,63.40258,-19.1309971667,2023-08-09T13:04:10+00:00,,Fratercula arctica,422315a0-170f-4083-82b7-b99753cd4f50,Fratercula arctica,2020,0.0011651238892227411,0.9701371192932129
HumanObservation,2023,58.867175,-3.4681638889,2023-09-10T09:27:00+01:00,,Fratercula arctica,422b50ee-4ef2-4475-803f-7ce2c905c5ec,Fratercula arctica,2020,2.5511107444763184,1.1366710662841797
HumanObservation,2023,66.0474861667,-22.8272633333,2023-08-04T14:38:22+00:00,,Fratercula arctica,42418e2a-a48e-4aae-8a0b-0a1ef7368103,Fratercula arctica,2020,3.8011436462402344,31.220014572143555
HumanObservation,2023,65.5023182632,-24.5313370779,2023-07-23T16:08:01+00:00,,Fratercula arctica,42720c4a-78fa-4e3e-a114-0b2de7bc7caa,Fratercula arctica,2020,0.4882706105709076,0.7743099331855774
HumanObservation,2023,62.4067199648,5.4048103937,2023-07-21T22:04:00+02:00,,Fratercula arctica,4303b5e6-0094-41f3-92b0-6f91a510b9ec,Fratercula arctica,2020,2.273125171661377,5.453124523162842
HumanObservation,2023,59.1369471667,-3.3394883333,2023-06-16T13:29:05+01:00,,Fratercula arctica,43ff13ff-48cf-4549-849a-79dce558a249,Fratercula arctica,2020,1.4877269268035889,0.5837444067001343
HumanObservation,2023,66.5282372217,-17.992494445,2023-07-20T14:09:00+00:00,,Fratercula arctica,443c00dc-647e-4160-b94e-c3939cafe699,Fratercula arctica,2020,4.065582752227783,14.686249732971191
HumanObservation,2023,67.8468784377,13.0083921423,2023-07-18T19:51:00+02:00,,Balaenoptera physalus,4471aa53-8f6a-44d8-8c83-a7e8c1ca05b0,Balaenoptera physalus,2020,4.651712417602539,57.036964416503906
HumanObservation,2023,66.5446575986,-18.0151560692,2023-05-26T11:28:00+00:00,,Fratercula arctica,447ba3c0-6ef3-468c-bc0d-bd17a523a0c2,Fratercula arctica,2020,0.6121894121170044,14.879363059997559
HumanObservation,2023,60.4909557962,-1.623900899,2023-06-26T09:45:00+01:00,,Fratercula arctica,45615ed4-d3b6-4753-b1a8-17a8757e177c,Fratercula arctica,2020,0.07084076851606369,0.6022621989250183
HumanObservation,2023,64.0804084743,-22.7296295298,2023-06-15T17:24:00+00:00,,Rissa tridactyla,460e68e3-94c7-417c-8757-3e9dc0ae699c,Rissa tridactyla,2020,3.093972682952881,44.30897903442383
HumanObservation,2023,66.5520605133,-18.014713861,2023-08-14T15:23:01+00:00,,Rissa tridactyla,46c18359-da24-4911-9742-464cea94eb31,Rissa tridactyla,2020,1.8392084836959839,14.99882698059082
HumanObservation,2023,63.4026175,-19.131128055,2023-07-23T18:40:00+00:00,,Fratercula arctica,48289e8b-25d3-4918-b54e-a2eb4be4e187,Fratercula arctica,2020,0.0011651238892227411,0.9701371192932129
HumanObservation,2023,64.7716916074,-23.554342631,2023-07-13T17:02:00+00:00,,Rissa tridactyla,48e4b756-5da0-4dc3-8a13-4d991aa5be83,Rissa tridactyla,2020,1.8836169242858887,8.37494945526123
HumanObservation,2023,62.1025778333,-7.6600633333,2023-07-20T11:38:02+01:00,,Fratercula arctica,48ee6f46-f7f1-400e-b12d-69ce81a1eb29,Fratercula arctica,2020,0.013127384707331657,0.31569281220436096
HumanObservation,2023,63.4435133333,-20.2820883333,2023-06-13T03:57:00+00:00,,Rissa tridactyla,493915b1-2896-408f-a822-6d932e652afe,Rissa tridactyla,2020,4549.3740234375,50.16498947143555
HumanObservation,2023,62.3620342656,-6.7863168584,2023-07-17T11:59:00+01:00,,Fratercula arctica,49b2151a-6682-431e-8dc7-4a572e8781c8,Fratercula arctica,2020,0.37434518337249756,3.834825038909912
HumanObservation,2023,64.7677383333,-23.6168383333,2023-06-29T13:49:45+00:00,,Rissa tridactyla,49f9c494-c6df-471a-aafe-d57844b80c6d,Rissa tridactyla,2020,10.351204872131348,9.029241561889648
HumanObservation,2023,58.3868215755,-5.1968871542,2023-06-05T13:46:00+01:00,,Fratercula arctica,4ab35ab3-b4a9-4c85-96f3-aa26e4a8b87c,Fratercula arctica,2020,0.2541860342025757,0.7382798790931702
HumanObservation,2023,66.075622,-19.253943,2023-06-10T02:01:00+00:00,,Rissa tridactyla,4bdf8ae2-6a8a-4820-a480-4896540835a0,Rissa tridactyla,2020,0.0,0.10196305811405182
HumanObservation,2023,59.8536713889,-1.2763455556,2023-06-17T16:42:17+01:00,,Fratercula arctica,4c204dce-ae10-418d-8c7d-abef91847423,Fratercula arctica,2020,4.102808475494385,1.8420878648757935
HumanObservation,2023,62.3284465395,-6.9419354921,2023-07-15T15:49:00+01:00,,Fratercula arctica,4ca4c44e-e299-44e4-ba37-4fcdc3e862b7,Fratercula arctica,2020,0.8316660523414612,6.418519973754883
HumanObservation,2023,67.8875716692,12.9571246452,2023-03-22T12:10:00+01:00,,Rissa tridactyla,4ea43f1b-bb8c-4d93-881a-64324b2713bb,Rissa tridactyla,2020,0.0,62.026615142822266
HumanObservation,2023,63.4353916667,-19.0554722222,2023-07-11T09:53:40+00:00,,Fratercula arctica,4f2dc9dd-88d5-4c0b-8cf6-6a5d9d8801e9,Fratercula arctica,2020,,0.5404297709465027
HumanObservation,2023,63.3996829125,-20.3030420776,2023-07-03T15:06:00+00:00,,Rissa tridactyla,5095262a-972e-48a8-9d92-598a58c4c614,Rissa tridactyla,2020,1.1087168455123901,49.423187255859375
HumanObservation,2023,63.4025897729,-19.1307350298,2023-07-31T16:49:00+00:00,,Fratercula arctica,509d7866-a4d0-482f-b67f-0ed1588e2071,Fratercula arctica,2020,0.0011651238892227411,0.9701371192932129
HumanObservation,2023,66.17877,-17.352342,2023-05-17T09:49:36,1.0,Balaenoptera musculus,50ee965e-a4cf-453c-833f-ec6be59b301b,Balaenoptera musculus,2020,0.4931102693080902,1.1288573741912842
HumanObservation,2023,57.3702926633,9.7070827483,2023-12-27T11:08:04+01:00,,Fratercula arctica,5111749d-8487-46ef-851c-27b95226113f,Fratercula arctica,2020,58.593910217285156,0.7121699452400208
HumanObservation,2023,66.5447616577,-18.0217018127,2023-06-18T09:45:04+00:00,,Fratercula arctica,516dba73-0a65-4072-b611-f6f058673330,Fratercula arctica,2020,5474.111328125,14.879363059997559
HumanObservation,2023,59.8570240249,-1.2725153938,2023-06-17T17:23:00+01:00,,Fratercula arctica,51e0f7bb-eb3f-4390-9ed4-ecc172dc9160,Fratercula arctica,2020,0.6041481494903564,1.852075219154358
HumanObservation,2023,66.5490447222,-18.02435,2023-07-08T22:01:00+00:00,,Fratercula arctica,526e5b11-0583-4e80-bf5a-022f2ff04941,Fratercula arctica,2020,1.8392084836959839,14.99882698059082
HumanObservation,2023,63.4041633333,-19.1032361667,2023-08-25T04:20:37+00:00,,Fratercula arctica,5385e2e4-549b-43dc-8a45-ad102ec97a18,Fratercula arctica,2020,0.0063093360513448715,0.9070271253585815
HumanObservation,2023,66.551133003,-18.0117417261,2023-06-21T19:39:00+00:00,,Rissa tridactyla,53f21250-eb98-47b5-8433-adf44fa588b7,Rissa tridactyla,2020,1.8392084836959839,14.99882698059082
HumanObservation,2023,64.1708372101,-21.9000714615,2023-06-22T13:03:00+00:00,,Fratercula arctica,54a68f49-8454-4d64-9941-2ceeab310e31,Fratercula arctica,2020,24.13456916809082,122.48162078857422
HumanObservation,2023,66.5376238883,-18.0106441667,2023-07-20T13:31:00+00:00,,Fratercula arctica,54d1925d-fe28-4f1e-b4fa-07b2730554f6,Fratercula arctica,2020,0.6121894121170044,14.761794090270996
HumanObservation,2023,63.4034706203,-20.28196536,2023-06-26T22:50:54+00:00,,Fratercula arctica,54fd8f0f-8626-49d6-ae17-bf393a5246b5,Fratercula arctica,2020,1.1813567876815796,49.52362823486328
HumanObservation,2023,66.161326,-17.443542,2023-06-16T11:04:53,1.0,Balaenoptera musculus,5511c00f-e250-41ff-9a1d-933adf28c495,Balaenoptera musculus,2020,0.8378357887268066,1.9960116147994995
HumanObservation,2023,64.886579445,-24.0427438883,2023-07-14T13:14:00+00:00,,Rissa tridactyla,56985cf4-4010-4995-86d6-274a2eb29ec1,Rissa tridactyla,2020,10.41545295715332,2.785814046859741
HumanObservation,2023,62.1062675778,-7.4348910505,2023-06-29T16:26:00+01:00,,Fratercula arctica,56a7732d-3298-4b53-a3b8-0affd006fe94,Fratercula arctica,2020,0.72010737657547,15.97464370727539
HumanObservation,2023,64.0705324,-22.6512494,2023-06-15T20:30:00+00:00,,Rissa tridactyla,57e9a86e-0e93-485f-9329-9315cdc4d8b4,Rissa tridactyla,2020,1.8488099575042725,53.7739372253418
HumanObservation,2023,63.4113125226,-19.0219376609,2023-06-09T12:11:51+00:00,,Fratercula arctica,5899b8d2-29a3-4588-9c92-8e6c3fcf7083,Fratercula arctica,2020,0.0,0.8501032590866089
HumanObservation,2023,67.8011523502,12.8957831213,2023-07-18T11:27:00+02:00,,Rissa tridactyla,58e80501-bc18-469a-bdc0-95529792eea6,Rissa tridactyla,2020,1.5073307752609253,26.127962112426758
HumanObservation,2023,57.120552063,8.5980348587,2023-02-10T13:55:00+01:00,,Rissa tridactyla,598d61dc-1358-4430-8590-bf81f63d43c1,Rissa tridactyla,2020,7640.3818359375,108.5760269165039
HumanObservation,2023,66.0350738156,-17.4092362327,2023-06-29T15:40:00+00:00,,Rissa tridactyla,5a57c936-930b-46fc-a04a-8c8e7d92c537,Rissa tridactyla,2020,3.2309834957122803,60.19010543823242
HumanObservation,2023,64.0444622182,-16.1796517298,2023-08-12T18:55:30+00:00,,Rissa tridactyla,5a81fe6a-5f50-4165-949d-51c0451e554a,Rissa tridactyla,2020,0.0017587393522262573,0.18859046697616577
HumanObservation,2023,64.91505,-24.220017,2023-05-14T22:24:48,1.0,Physeter macrocephalus,5ab39031-67fe-4ec5-b507-863a5aed575d,Physeter macrocephalus,2020,0.6860198378562927,1.6949973106384277
HumanObservation,2023,64.009247801,-20.5383896828,2023-09-30T21:25:00+00:00,,Rissa tridactyla,5bbe2a94-e710-45ac-b8ee-9913b31847ca,Rissa tridactyla,2020,,
HumanObservation,2023,65.5427740925,-13.744238994,2023-06-26T16:32:00+00:00,,Fratercula arctica,5c967872-9ed1-49f7-b351-1dd5a2d85126,Fratercula arctica,2020,0.22012721002101898,15.390926361083984
HumanObservation,2023,66.5469642263,-18.0196956302,2023-06-03T10:36:00+00:00,,Fratercula arctica,5e3bac3b-f5ab-4b89-95a7-91ffa802d36c,Fratercula arctica,2020,1.8392084836959839,14.99882698059082
HumanObservation,2023,60.1328666667,-1.0138222167,2023-05-30T12:20:55+01:00,,Fratercula arctica,5e63168c-d0f2-49bf-807e-6ec3ce274adf,Fratercula arctica,2020,0.9522081613540649,45.93318557739258
HumanObservation,2023,63.7983716464,-10.1087036225,2023-10-03T13:12:00-01:00,,Rissa tridactyla,5f265b02-5294-48b4-ac16-9968bdf17aca,Rissa tridactyla,2020,0.018147019669413567,0.009130692109465599
HumanObservation,2023,64.9661023784,-23.947780505,2023-06-06T15:54:00+00:00,,Physeter macrocephalus,6007f80d-43fb-4e23-be32-a2da97da4278,Physeter macrocephalus,2020,3.1538760662078857,32.54695510864258
HumanObservation,2023,65.5224459753,-24.5091699065,2023-06-13T14:31:01+00:00,,Fratercula arctica,601ae179-3a3e-4fce-b816-fd9080102b0d,Fratercula arctica,2020,0.19542567431926727,0.845140278339386
HumanObservation,2023,64.7692215443,-23.6179434601,2023-06-02T13:11:41+00:00,,Rissa tridactyla,60af2bdc-700f-4175-ba69-bc446cf0f952,Rissa tridactyla,2020,1520.0830078125,9.53342342376709
HumanObservation,2023,64.0902424974,-21.9300654174,2023-07-03T16:40:00+00:00,,Rissa tridactyla,614e43dd-3063-464d-b762-4285842cd510,Rissa tridactyla,2020,0.024471120908856392,223.41986083984375
HumanObservation,2023,66.3965695376,-22.2979545597,2023-08-09T22:30:22+00:00,,Physeter macrocephalus,620c72dd-6ab3-46fa-9196-3762aecb9a45,Physeter macrocephalus,2020,0.05468083545565605,0.19962093234062195
HumanObservation,2023,66.551133003,-18.0117417261,2023-06-21T19:35:00+00:00,,Rissa tridactyla,622812e3-4680-4a70-8a43-d683d04c06f7,Rissa tridactyla,2020,1.8392084836959839,14.99882698059082
HumanObservation,2023,66.1041237621,-17.7225336175,2023-09-22T16:15:00+00:00,,Rissa tridactyla,62dabb79-6427-438f-aec0-948867331d2b,Rissa tridactyla,2020,2.591295003890991,3.1523501873016357
HumanObservation,2023,66.3626933448,-18.1382881274,2023-07-09T11:09:00+00:00,,Fratercula arctica,630ebfd9-3e57-4c46-92d0-fcda16a3f94b,Fratercula arctica,2020,0.19726921617984772,0.36974242329597473
HumanObservation,2023,65.5423034346,-13.754408385,2023-06-05T03:31:00+00:00,,Rissa tridactyla,6323cc75-f816-4bc9-8e75-cbf80e189735,Rissa tridactyla,2020,3972.853759765625,16.466697692871094
HumanObservation,2023,65.6372799726,-24.2688019531,2023-07-02T16:22:00+00:00,,Rissa tridactyla,63337b4f-7dab-49db-8835-a1c39de03b7c,Rissa tridactyla,2020,5.259081840515137,2.887626886367798
HumanObservation,2023,65.5015666602,-24.5275081588,2023-06-01T19:26:00+00:00,,Rissa tridactyla,63f6b87d-9863-4c21-a291-dae14351b4eb,Rissa tridactyla,2020,0.21914801001548767,0.7743099331855774
HumanObservation,2023,63.42766523,-20.30104182,2023-08-21T15:38:05+00:00,,Fratercula arctica,6433f986-e2a2-4622-b117-83de12c81076,Fratercula arctica,2020,0.4367242455482483,49.820640563964844
HumanObservation,2023,63.5159720398,-20.1306940551,2023-07-03T17:29:00+00:00,,Rissa tridactyla,646d63d3-ac7e-412d-b963-95620d61d4dc,Rissa tridactyla,2020,26.717126846313477,47.45850372314453
HumanObservation,2023,58.87997,11.0990888333,2023-10-17T09:19:19+02:00,,Fratercula arctica,654deb5d-f9d3-4093-a23f-956579ace97d,Fratercula arctica,2020,22.727149963378906,77.0938491821289
HumanObservation,2023,63.405012305,-19.1309456527,2023-08-11T17:54:07+00:00,,Fratercula arctica,65fed974-51e4-430e-bf36-1d61e37329d0,Fratercula arctica,2020,0.005717895459383726,0.9701371192932129
HumanObservation,2023,63.4072016667,-20.274321945,2023-07-24T15:40:00+00:00,,Rissa tridactyla,6621ad30-429f-4f86-9332-980c97a04c3b,Rissa tridactyla,2020,1.7598152160644531,49.6705436706543
HumanObservation,2023,66.1431373442,-16.9502737804,2023-06-18T13:42:00+00:00,,Fratercula arctica,664d32ab-a32a-442b-b91a-698094a4d6e4,Fratercula arctica,2020,0.0,0.09671426564455032
HumanObservation,2023,63.1459950542,7.6315454679,2023-07-06T14:47:36+02:00,,Rissa tridactyla,672cf500-8db9-48ff-abbe-ea8d27692b14,Rissa tridactyla,2020,5.193183422088623,116.6382827758789
HumanObservation,2023,64.4676317202,-18.0774521828,2023-10-03T21:22:00+00:00,,Rissa tridactyla,6747d15a-a417-4dc5-a29e-235322ece6c9,Rissa tridactyla,2020,,
HumanObservation,2023,65.5433461323,-13.7572892289,2023-06-04T09:31:00+00:00,,Rissa tridactyla,67b294ed-ee60-4df8-9bea-843f3c42ead6,Rissa tridactyla,2020,3972.853759765625,16.466697692871094
HumanObservation,2023,64.0487088883,-16.180860555,2023-07-22T13:30:00+00:00,,Rissa tridactyla,6a07ca40-012c-4fb9-8cb4-15b62cf6ad2f,Rissa tridactyla,2020,0.0,0.19356860220432281
HumanObservation,2023,64.0484463231,-16.1803888225,2023-07-02T04:05:00+00:00,,Rissa tridactyla,6a3885bb-f413-4d29-bc3b-a7d81a0a6288,Rissa tridactyla,2020,0.0,0.19356860220432281
HumanObservation,2023,57.3654975889,9.6999645231,2023-12-27T10:57:43+01:00,,Fratercula arctica,6a4f2543-8360-48c4-b284-167c26c29364,Fratercula arctica,2020,1.4742683172225952,0.7265105843544006
HumanObservation,2023,64.8179977206,-24.0039626302,2023-05-31T14:26:00+00:00,,Physeter macrocephalus,6a519194-91f2-4ef8-a42d-b4a30525f10f,Physeter macrocephalus,2020,1.6414581537246704,2.613105058670044
HumanObservation,2023,58.726786492,-3.349527897,2023-08-16T10:17:00+01:00,,Rissa tridactyla,6ba16376-29e5-466a-b2f3-94e1a58d7f8e,Rissa tridactyla,2020,3.1749179363250732,1.7517170906066895
HumanObservation,2023,62.3274446406,-6.9410741027,2023-07-13T13:28:00+01:00,,Fratercula arctica,6bf34b83-28eb-4fda-a427-88fef41ce688,Fratercula arctica,2020,0.8316660523414612,8.45693588256836
HumanObservation,2023,66.3515100319,12.3417490074,2023-03-14T09:15:24+01:00,,Rissa tridactyla,6bf94939-f215-47eb-ae07-53015133ae05,Rissa tridactyla,2020,2.0050272941589355,21.242759704589844
HumanObservation,2023,62.3682966667,-6.8113466667,2023-07-01T10:02:34+01:00,,Fratercula arctica,6d0277ff-2263-408a-afb9-0dc34d21f7c5,Fratercula arctica,2020,0.5895728468894958,3.559941530227661
HumanObservation,2023,65.4998517188,-24.5269267512,2023-06-01T08:13:00+00:00,,Fratercula arctica,6d1f4664-64bd-4d90-a818-97b98b01e742,Fratercula arctica,2020,0.21914801001548767,0.7743099331855774
HumanObservation,2023,64.174446106,-21.9552345276,2023-08-16T08:52:16+00:00,,Fratercula arctica,6d470203-db78-4857-915e-c3309a24590d,Fratercula arctica,2020,49.65431213378906,94.93950653076172
HumanObservation,2023,61.9560203,-6.8830338,2023-07-01T12:47:00+01:00,,Fratercula arctica,6dcee722-6712-4382-91aa-be1807c015df,Fratercula arctica,2020,33.91362762451172,77.86947631835938
HumanObservation,2023,64.2102628248,-22.1387794845,2023-06-08T12:46:40+00:00,,Fratercula arctica,6e0ede06-2bb0-49eb-abbd-cba5da844ade,Fratercula arctica,2020,5.482099533081055,16.203018188476562
HumanObservation,2023,65.003543,-23.819733,2023-06-06T15:54:19,1.0,Physeter macrocephalus,6e585b6c-d873-47ec-ba50-51d05f039779,Physeter macrocephalus,2020,3.2801592350006104,31.59161949157715
HumanObservation,2023,65.3780112783,-22.908773445,2023-07-02T09:43:00+00:00,,Fratercula arctica,6e79921b-b634-4d71-8a01-71d904931fc0,Fratercula arctica,2020,31.35597801208496,1.4203054904937744
HumanObservation,2023,59.1379055,-3.3304783333,2023-05-15T10:06:05+01:00,,Fratercula arctica,6e8bea53-e1c1-4872-9a1b-7c5f9a503a39,Fratercula arctica,2020,1.4877269268035889,0.5837444067001343
HumanObservation,2023,66.5276529345,-17.9826065833,2023-07-09T18:16:00+00:00,,Rissa tridactyla,6f26dc66-2dfb-46a9-ad92-ecfd834c0558,Rissa tridactyla,2020,4.065582752227783,14.686249732971191
HumanObservation,2023,65.1537254691,-13.9714632769,2023-07-10T11:16:35+00:00,,Fratercula arctica,6f3bc117-13fb-4d09-a990-25d1109a0c75,Fratercula arctica,2020,,69.89996337890625
HumanObservation,2023,64.975674,-24.088898,2023-06-01T11:59:08,1.0,Physeter macrocephalus,6f764e2b-cd85-4b1d-a79a-5efa1ac69d0b,Physeter macrocephalus,2020,1.2754892110824585,2.9497694969177246
HumanObservation,2023,58.7174735616,-3.0000634878,2023-08-06T01:04:00+01:00,,Fratercula arctica,6fa99938-0d72-4eaf-b4a8-dbf57bd3378a,Fratercula arctica,2020,3.224104881286621,2.0975799560546875
HumanObservation,2023,64.9257205096,-23.2524970698,2023-07-20T10:17:00+00:00,,Fratercula arctica,70cd0463-f2f0-4647-b21f-27b76c4365cb,Fratercula arctica,2020,3583.759765625,28.825143814086914
HumanObservation,2023,63.4046799,-19.1185522,2023-08-15T22:39:00+00:00,,Fratercula arctica,71090a61-2c24-4f2a-9f7f-ed60a3ef2e27,Fratercula arctica,2020,0.0011651238892227411,0.9070271253585815
HumanObservation,2023,64.764305,-23.6246333333,2023-06-07T10:56:36+00:00,,Rissa tridactyla,711f090f-479d-482a-8552-552562763acc,Rissa tridactyla,2020,0.3361274302005768,9.029241561889648
HumanObservation,2023,59.5346984863,-1.6125875711,2023-06-06T11:16:29+01:00,,Fratercula arctica,71a4722e-7d0a-4055-9da7-5ecb7d275001,Fratercula arctica,2020,0.09282378107309341,0.9535839557647705
HumanObservation,2023,65.4966552783,-24.5151063883,2023-07-16T14:13:00+00:00,,Fratercula arctica,71e87ef6-6d32-493b-85ed-52e69a2ff0cf,Fratercula arctica,2020,0.21914801001548767,0.7743099331855774
HumanObservation,2023,65.5419158062,-13.7541047362,2023-06-04T09:09:00+00:00,,Fratercula arctica,722b19ee-4b99-47bf-970b-3193bc62e77b,Fratercula arctica,2020,3972.853759765625,16.466697692871094
HumanObservation,2023,63.860594,-16.668212,2023-07-10T11:30:00+00:00,,Fratercula arctica,72c8ec0a-5c4a-41d4-b941-110d0881a4f9,Fratercula arctica,2020,,0.4676521420478821
HumanObservation,2023,67.7731065127,12.7904243167,2023-07-18T21:16:00+02:00,,Fratercula arctica,72dec84f-83a9-48ba-8a95-f2badb54257d,Fratercula arctica,2020,3.0400784015655518,3.530827522277832
HumanObservation,2023,63.4451330824,-20.2602900122,2023-07-24T14:13:00+00:00,,Fratercula arctica,7411f69a-0371-43ff-b5fd-7bfd3855a2c9,Fratercula arctica,2020,13177.1298828125,50.4283332824707
HumanObservation,2023,57.1585175442,9.0255849715,2023-08-10T15:35:54+02:00,,Rissa tridactyla,74879f2b-9bca-4a09-b425-65e2404704fa,Rissa tridactyla,2020,0.05674942582845688,5.843149185180664
HumanObservation,2023,63.4025728,-19.0420784,2023-07-26T14:33:47+00:00,,Fratercula arctica,748c8aa2-eba0-4ef1-917a-50a002556300,Fratercula arctica,2020,0.004046692978590727,0.9866159558296204
HumanObservation,2023,65.5415441667,-13.7549983333,2023-08-05T13:17:00+00:00,,Rissa tridactyla,74c789a9-850c-4c9c-b709-04435ddddbab,Rissa tridactyla,2020,3972.853759765625,16.466697692871094
HumanObservation,2023,65.5419392,-13.7547397997,2023-07-20T10:49:10+00:00,,Fratercula arctica,7573a523-c998-452a-9f23-4048fbfcdd9a,Fratercula arctica,2020,3972.853759765625,16.466697692871094
HumanObservation,2023,62.1030199066,-7.6570197567,2023-08-19T14:51:30+01:00,,Fratercula arctica,75c3dae8-43c8-43ed-adc1-2b01c89fed1f,Fratercula arctica,2020,0.013127384707331657,0.31569281220436096
HumanObservation,2023,66.04716313,-22.82722305,2023-07-01T17:00:00+00:00,,Fratercula arctica,75e396e9-ff0f-47e1-82ab-2d531d7f3bef,Fratercula arctica,2020,3.8011436462402344,31.220014572143555
HumanObservation,2023,66.55576602,-18.01137147,2023-06-22T11:54:58+00:00,,Rissa tridactyla,762beaa7-ef7a-4e1c-8db5-52083d475aa4,Rissa tridactyla,2020,1.8392084836959839,14.99882698059082
HumanObservation,2023,59.372008,-2.4188716,2023-07-25T13:14:00+01:00,,Fratercula arctica,763706a8-3d00-476a-ac70-8154cbc1adec,Fratercula arctica,2020,0.0,0.24691732227802277
HumanObservation,2023,66.818612267,-13.8272045581,2023-06-22T19:25:23-01:00,,Balaenoptera physalus,76b1c748-cac3-4013-a64d-3551d9497a15,Balaenoptera physalus,2020,0.0,0.010041180066764355
HumanObservation,2023,59.5347933333,-1.6023916667,2023-05-24T08:53:15+01:00,,Fratercula arctica,772bedbf-7e4f-46c4-894a-df1a9a2fe055,Fratercula arctica,2020,9.582188606262207,0.9262499809265137
HumanObservation,2023,64.7716916074,-23.554342631,2023-07-13T16:56:00+00:00,,Rissa tridactyla,77384169-545c-4d3a-b382-e4de34780533,Rissa tridactyla,2020,1.8836169242858887,8.37494945526123
HumanObservation,2023,62.2451127035,-7.1821779128,2023-06-01T19:32:00+01:00,,Rissa tridactyla tridactyla,77820fee-7ec8-4f2b-8821-6796e0a325cc,Rissa tridactyla,2020,0.08746036142110825,8.719938278198242
HumanObservation,2023,66.5304033386,-17.9823518844,2023-07-09T17:10:00+00:00,,Fratercula arctica,77a03ca3-f202-4857-a69d-78113579026f,Fratercula arctica,2020,4.065582752227783,14.686249732971191
HumanObservation,2023,65.542628834,-13.7562839213,2023-05-31T16:16:00+00:00,,Fratercula arctica,77d3e4a3-6148-40de-8a8a-b4f59f367783,Fratercula arctica,2020,3972.853759765625,16.466697692871094
HumanObservation,2023,64.7515602541,-23.6446599619,2023-07-05T10:26:00+00:00,,Rissa tridactyla,78103410-1040-424d-8805-786c06cdb9a0,Rissa tridactyla,2020,0.33879104256629944,8.386506080627441
HumanObservation,2023,64.7677,-23.6164716667,2023-06-02T13:24:25+00:00,,Rissa tridactyla,7933a826-3654-4471-8863-82408ee6abf7,Rissa tridactyla,2020,10.351204872131348,9.029241561889648
HumanObservation,2023,66.3605600629,-14.7716275173,2023-07-07T13:41:00+00:00,,Fratercula arctica,7950e585-4b43-4711-beae-b373190b7ac0,Fratercula arctica,2020,0.08166265487670898,0.2672151029109955
HumanObservation,2023,59.8543368573,-1.2745716423,2023-07-16T12:14:00+01:00,,Fratercula arctica,799b0b32-e459-4bed-a9a8-7e6ba3778f89,Fratercula arctica,2020,4.102808475494385,1.8420878648757935
HumanObservation,2023,57.1582343751,9.0247100113,2023-05-19T11:18:00+02:00,,Rissa tridactyla,7ab1e893-11e0-4832-a512-1181aa144226,Rissa tridactyla,2020,0.05674942582845688,5.843149185180664
HumanObservation,2023,66.029332,-17.521948,2023-03-04T12:38:16,1.0,Balaenoptera musculus,7b3df04e-b0dd-4a16-b934-c1a58ecc2ff4,Balaenoptera musculus,2020,2.359546422958374,54.510581970214844
HumanObservation,2023,66.070781,-17.479248,2023-06-12T14:19:22,1.0,Balaenoptera musculus,7b6a80ee-a831-4929-91cc-84ae5df51152,Balaenoptera musculus,2020,9.194318771362305,43.639076232910156
HumanObservation,2023,60.1333728027,-1.0105598218,2023-06-29T10:40:00+01:00,,Rissa tridactyla,7b8ff0a3-1e70-45f8-b71f-a22f108e5640,Rissa tridactyla,2020,0.9522081613540649,45.93318557739258
HumanObservation,2023,62.4863320308,5.6611598354,2023-07-26T19:40:00+02:00,,Fratercula arctica,7bab6d8d-22e9-405d-b1cf-52bfbc34b87a,Fratercula arctica,2020,0.19028425216674805,2.7096970081329346
HumanObservation,2023,65.542569,-13.755936,2023-08-11T07:36:00+00:00,,Fratercula arctica,7c53b7ea-6128-4685-9e0b-108f7f540bc2,Fratercula arctica,2020,3972.853759765625,16.466697692871094
HumanObservation,2023,63.4499420875,-20.2560701894,2023-07-03T15:50:00+00:00,,Rissa tridactyla,7d8c643d-1bf0-4910-9a73-65ba5b5188f5,Rissa tridactyla,2020,99.29672241210938,50.8785514831543
HumanObservation,2023,63.4033664474,-19.1042221338,2023-08-11T18:32:57+00:00,,Fratercula arctica,7dc073c6-a6b4-45a7-bbd4-4c0a17fdef88,Fratercula arctica,2020,0.0063093360513448715,0.9070271253585815
HumanObservation,2023,66.5423498,-17.9961161,2023-06-03T07:13:00+00:00,,Rissa tridactyla,801a0af8-2541-41fa-be85-77c93af6423d,Rissa tridactyla,2020,0.6121894121170044,14.879363059997559
HumanObservation,2023,64.8805044256,-24.0268205113,2023-05-28T12:04:00+00:00,,Rissa tridactyla,80583e55-aceb-47c3-bfca-6e4bd90d0f23,Rissa tridactyla,2020,1.4245167970657349,3.112448215484619
HumanObservation,2023,65.500290555,-24.5264866667,2023-07-16T13:54:00+00:00,,Rissa tridactyla,80714fd0-0afe-4e96-b8b5-79fec6fa1afc,Rissa tridactyla,2020,0.21914801001548767,0.7743099331855774
HumanObservation,2023,66.5534966667,-17.99928,2023-07-18T15:41:00+00:00,,Fratercula arctica,808c37e2-7fd2-48c9-a327-04f8d5a414ac,Fratercula arctica,2020,1.3464539051055908,15.0184326171875
HumanObservation,2023,65.5007638883,-24.5279788883,2023-07-16T13:39:00+00:00,,Fratercula arctica,81e088ae-595d-49f9-92fe-06dbd8544084,Fratercula arctica,2020,0.21914801001548767,0.7743099331855774
HumanObservation,2023,63.512938,-20.126038,2023-08-26T07:04:00+00:00,,Fratercula arctica,81ee3437-c451-4937-9435-de56bedb1c58,Fratercula arctica,2020,26.717126846313477,47.45850372314453
HumanObservation,2023,62.103825,-7.6539133333,2023-06-07T15:51:58+01:00,,Fratercula arctica,82a61375-37d1-4d90-98da-4f2aea1302ba,Fratercula arctica,2020,0.013127384707331657,0.31569281220436096
HumanObservation,2023,63.8807454623,-22.739565238,2023-05-14T15:51:00+00:00,,Rissa tridactyla,832ea7b9-fa66-4289-a4fd-1b60c23b8340,Rissa tridactyla,2020,0.421082079410553,2.904729127883911
HumanObservation,2023,63.4464703939,-20.2964077145,2023-07-06T21:04:11+00:00,,Fratercula arctica,83322ddb-dbf3-434b-a552-2244a6ccbfce,Fratercula arctica,2020,914.4796142578125,50.19318771362305
HumanObservation,2023,58.3868966001,-5.1976759873,2023-06-05T13:51:00+01:00,,Fratercula arctica,840df37b-a30a-4fd9-96b1-119d7d14146b,Fratercula arctica,2020,0.2541860342025757,0.7382798790931702
HumanObservation,2023,65.5423752963,-13.7563188002,2023-05-11T22:06:46+00:00,,Fratercula arctica,841fea01-9981-43e1-b6a5-4fe6c8bd3852,Fratercula arctica,2020,3972.853759765625,16.466697692871094
HumanObservation,2023,64.886780555,-24.041315555,2023-07-14T12:51:00+00:00,,Rissa tridactyla,84fe9419-a8a8-4737-9668-68780b6e156a,Rissa tridactyla,2020,10.41545295715332,2.849968194961548
HumanObservation,2023,66.5469642263,-18.0196956302,2023-06-03T08:30:00+00:00,,Rissa tridactyla,856cd7da-32d0-4ae1-ad8a-5e6fbfeacdb4,Rissa tridactyla,2020,1.8392084836959839,14.99882698059082
HumanObservation,2023,63.4026175,-19.131128055,2023-07-23T18:40:00+00:00,,Fratercula arctica,857627ef-7278-464b-99b2-628605106b5c,Fratercula arctica,2020,0.0011651238892227411,0.9701371192932129
HumanObservation,2023,65.2684852122,-14.1963321716,2023-06-12T11:07:35+00:00,,Fratercula arctica,85b3ac24-64c7-4f31-9d75-c9015634811e,Fratercula arctica,2020,,109.04029846191406
HumanObservation,2023,64.92952405,-18.9127397,2023-11-30T19:53:09+00:00,,Fratercula arctica,864c23ea-a950-4a3a-991f-37b743a2fbc9,Fratercula arctica,2020,,
HumanObservation,2023,64.0281143188,-22.064868927,2023-06-27T11:32:00+00:00,,Fratercula arctica,88726b29-fdcc-4754-9e9a-3309de352dfc,Fratercula arctica,2020,,94.44408416748047
HumanObservation,2023,63.4337463379,-19.1547031403,2023-08-02T10:34:10+00:00,,Fratercula arctica,88b18aa7-b533-4c3c-8cba-29e233d7018c,Fratercula arctica,2020,,0.7522327899932861
HumanObservation,2023,63.4415675,-20.2767246,2023-07-06T19:27:12+00:00,,Rissa tridactyla,88f691eb-71a7-4179-b5a5-ecd18f563a5a,Rissa tridactyla,2020,4549.3740234375,50.16498947143555
HumanObservation,2023,63.4026397217,-19.1310472217,2023-07-23T18:39:00+00:00,,Fratercula arctica,88f8be92-9b08-4b65-a63a-08095dd223a4,Fratercula arctica,2020,0.0011651238892227411,0.9701371192932129
HumanObservation,2023,65.5294241767,-24.5654328125,2023-07-02T17:42:00+00:00,,Fratercula arctica,898b0b47-220c-4592-991a-207d4b6cc8bd,Fratercula arctica,2020,1.7520314455032349,0.8027321696281433
HumanObservation,2023,58.6706709232,-3.3776352413,2023-06-04T09:01:00+01:00,,Fratercula arctica,8b60e0b0-215d-4bda-86b7-fdaae10f65c9,Fratercula arctica,2020,0.016937430948019028,2.544713020324707
HumanObservation,2023,63.4021210858,-19.1316471797,2023-08-07T10:19:00+00:00,,Fratercula arctica,8b874ed9-0d77-4880-85df-16738d14fdd9,Fratercula arctica,2020,0.0011651238892227411,0.9701371192932129
HumanObservation,2023,64.7842161008,-17.2083454501,2023-08-01T15:06:00+00:00,,Rissa tridactyla,8c5f4639-c94c-43dc-a5dd-42af0e881197,Rissa tridactyla,2020,,
HumanObservation,2023,63.4638083522,-19.0068485365,2023-07-27T09:41:08+00:00,,Fratercula arctica,8ceda43d-8da7-48de-bc81-9f4f080a45be,Fratercula arctica,2020,,0.23444129526615143
HumanObservation,2023,66.5423498,-17.9961161,2023-06-03T11:25:00+00:00,,Fratercula arctica,8d15c77c-df17-4e0f-9edc-60b3c0a0cc05,Fratercula arctica,2020,0.6121894121170044,14.879363059997559
HumanObservation,2023,66.537630555,-18.0106808333,2023-07-20T13:33:00+00:00,,Fratercula arctica,8d4c7ff6-a95d-40b2-ab6d-8e0833795cd6,Fratercula arctica,2020,0.6121894121170044,14.761794090270996
HumanObservation,2023,64.9311193891,-24.0130216429,2023-05-31T14:34:00+00:00,,Rissa tridactyla,8dba37e8-805d-4144-bec2-da6b93b1411e,Rissa tridactyla,2020,12.664437294006348,33.463191986083984
HumanObservation,2023,65.542569,-13.755936,2023-08-11T08:03:00+00:00,,Rissa tridactyla,8dc90ae5-efd6-459a-a88f-b4b370c4575b,Rissa tridactyla,2020,3972.853759765625,16.466697692871094
HumanObservation,2023,59.9753461901,-1.3451234568,2023-06-14T16:54:43+01:00,,Fratercula arctica,8eaa7f1e-3c55-4ea5-b05a-2698a4f86108,Fratercula arctica,2020,7.3364338874816895,2.1011130809783936
HumanObservation,2023,62.361908277,-6.7860282831,2023-07-17T12:02:00+01:00,,Rissa tridactyla,8f68edec-d08c-4f82-98da-2b0f8de531f2,Rissa tridactyla,2020,0.37434518337249756,3.834825038909912
HumanObservation,2023,65.3880614153,-22.9534548451,2023-06-22T12:49:00+00:00,,Fratercula arctica,8fce1356-e1ea-41d7-874e-eb73cb98ebad,Fratercula arctica,2020,0.2531004250049591,1.3930848836898804
HumanObservation,2023,65.496683055,-24.5151058333,2023-07-16T14:11:00+00:00,,Fratercula arctica,90940268-b426-4d0b-a265-52ab91dfbad3,Fratercula arctica,2020,0.21914801001548767,0.7743099331855774
HumanObservation,2023,58.6407374922,-3.0265838653,2023-05-26,,Fratercula arctica,90f6ca94-0440-4d2f-a19a-3493964a884d,Fratercula arctica,2020,2.3191490173339844,2.390902280807495
HumanObservation,2023,64.1458772871,-21.9252517123,2023-06-01T13:15:35+00:00,,Fratercula arctica,90f9e33c-313c-44d1-9b1d-34d186114857,Fratercula arctica,2020,3365.009765625,160.023681640625
HumanObservation,2023,64.8618475395,-24.0383397336,2023-05-31T18:00:00+00:00,,Rissa tridactyla,9150c53b-e324-4b9e-900b-d94d34c210e1,Rissa tridactyla,2020,0.48489275574684143,2.7154572010040283
HumanObservation,2023,66.1,-17.5,2023-06-11T11:00,1.0,Balaenoptera musculus,92726059-8694-4bda-800b-9774e9800dc3,Balaenoptera musculus,2020,5.065154552459717,42.224342346191406
HumanObservation,2023,63.4222774772,-19.0144315646,2023-08-15T14:02:42+00:00,,Fratercula arctica,93817b51-9e39-4e2e-862c-6a726eb95994,Fratercula arctica,2020,0.0,0.7123603820800781
HumanObservation,2023,62.1106874997,-7.4432808,2023-07-20T15:52:49+01:00,,Fratercula arctica,94c19b9e-d60f-477c-b705-cc8b1234c89d,Fratercula arctica,2020,0.36710891127586365,15.596187591552734
HumanObservation,2023,63.4043950427,-19.1029287457,2023-08-07T12:21:00+00:00,,Fratercula arctica,94cd9ddd-f4b7-4878-82d9-6604bfd3a3ed,Fratercula arctica,2020,0.0063093360513448715,0.9070271253585815
HumanObservation,2023,63.4220405213,-20.2883685777,2023-07-24T14:06:00+00:00,,Fratercula arctica,9522aed5-0a09-4358-b362-a077e649feb7,Fratercula arctica,2020,0.5956385135650635,49.776763916015625
HumanObservation,2023,58.5203028163,5.7767508798,2023-02-08T15:15:00+01:00,,Fratercula arctica,96eec6d6-68ac-4ce4-9868-0fd4e2207a31,Fratercula arctica,2020,0.27122071385383606,7.200841903686523
HumanObservation,2023,62.4138556657,5.7787691127,2023-05-30T12:02:00+02:00,,Fratercula arctica,97b9fcb8-3e04-48c7-adcc-9abca5cb9a9e,Fratercula arctica,2020,2.8890674114227295,74.70755767822266
HumanObservation,2023,63.4034852871,-20.2879448796,2023-05-31T09:59:00+00:00,,Fratercula arctica,9814f95b-4cd3-49ba-81cc-fbc9bf8f3862,Fratercula arctica,2020,1.1813567876815796,49.52362823486328
HumanObservation,2023,64.7683335673,-23.6181334513,2023-06-02T13:09:24+00:00,,Rissa tridactyla,9a631a30-d2f8-4bca-bd06-4e51ab4bc292,Rissa tridactyla,2020,1520.0830078125,9.029241561889648
HumanObservation,2023,66.0917435016,-17.5682442916,2023-10-01T10:23:00+00:00,,Rissa tridactyla,9afd9d1d-2e14-49f9-b244-0bc1f422130c,Rissa tridactyla,2020,7.076413154602051,41.447998046875
HumanObservation,2023,66.248807,-17.475959,2023-06-02T12:26:19,1.0,Balaenoptera musculus,9b58eefb-e1ce-408f-ba28-1e7160c82d3d,Balaenoptera musculus,2020,0.12718240916728973,0.1577538102865219
HumanObservation,2023,66.161326,-17.443542,2023-06-16T11:04:53,1.0,Balaenoptera musculus,9c0f6ca2-2925-4b3d-87a7-a6468b89cab8,Balaenoptera musculus,2020,0.8378357887268066,1.9960116147994995
HumanObservation,2023,66.5305480575,-17.992218174,2023-06-21T15:35:00+00:00,,Fratercula arctica,9c455830-0fad-4d41-8568-6e06154dc78d,Fratercula arctica,2020,1.5105878114700317,14.686249732971191
HumanObservation,2023,63.4451330824,-20.2602900122,2023-07-24T14:14:00+00:00,,Fratercula arctica,9c95b903-c7e9-47be-a242-8f81e23ec98b,Fratercula arctica,2020,13177.1298828125,50.4283332824707
HumanObservation,2023,66.5293746602,-17.9915706708,2023-07-20T14:11:00+00:00,,Fratercula arctica,9cac131a-54e6-4fd2-8f22-d31f7b75e3d7,Fratercula arctica,2020,4.065582752227783,14.686249732971191
HumanObservation,2023,62.3277523185,-6.9405859406,2023-07-13T13:25:00+01:00,,Fratercula arctica,9e132c53-c111-4718-88ce-154530948cd5,Fratercula arctica,2020,0.8316660523414612,6.418519973754883
HumanObservation,2023,66.075622,-19.253943,2023-06-11T12:03:00+00:00,,Rissa tridactyla,9f73e4a6-4272-4f67-ab7d-3dfae1cadf95,Rissa tridactyla,2020,0.0,0.10196305811405182
HumanObservation,2023,63.8847461597,-22.7404024154,2023-06-10T11:33:00+00:00,,Rissa tridactyla,9f773881-072f-4b76-8425-e685c90c99d6,Rissa tridactyla,2020,2.7206640243530273,2.8956844806671143
HumanObservation,2023,66.3136305076,12.2867084965,2023-07-14T09:51:00+02:00,,Fratercula arctica,9f7d628d-c272-4214-b042-0bd8be819072,Fratercula arctica,2020,0.19856080412864685,22.082130432128906
HumanObservation,2023,63.4036714169,-19.1307114353,2023-07-16T08:59:41+00:00,,Fratercula arctica,9fe64026-5f0b-4ac5-ad1c-c6ed53f0e469,Fratercula arctica,2020,0.0011651238892227411,0.9701371192932129
HumanObservation,2023,64.17776205,-21.6943761,2023-08-17T12:18:33+00:00,,Fratercula arctica,a0196146-98ee-41f6-8eeb-8eaa55ba8c28,Fratercula arctica,2020,0.0012662698281928897,51.40156555175781
HumanObservation,2023,58.9462055556,-3.3392694444,2023-09-05T09:53:00+01:00,,Fratercula arctica,a06edf58-a0e5-410e-8f26-caeb0a685a93,Fratercula arctica,2020,10.138518333435059,32.849937438964844
HumanObservation,2023,65.5038829971,-24.5285354205,2023-07-25T20:55:00+00:00,,Fratercula arctica,a254abe0-c3cd-4d05-b7fe-a97e02e85603,Fratercula arctica,2020,0.4882706105709076,0.7793280482292175
HumanObservation,2023,64.7680555556,-23.6480555556,2023-08-19T13:00:53+00:00,,Rissa tridactyla,a2987128-ee6a-4287-b5a4-1db77a27c456,Rissa tridactyla,2020,0.16492851078510284,9.425942420959473
HumanObservation,2023,57.6973328678,11.6085908729,2023-10-14T12:26:02+02:00,,Fratercula arctica,a2a3f4b3-bd7b-4cdc-a9fe-8963ffc51926,Fratercula arctica,2020,3.2613418102264404,169.90647888183594
HumanObservation,2023,66.0476,-22.8271,2023-08-11T14:41:12+00:00,,Fratercula arctica,a3078ba9-d377-47ed-8f15-6615e8c3f41f,Fratercula arctica,2020,3.8011436462402344,31.220014572143555
HumanObservation,2023,58.3865259915,-5.193526197,2023-06-28T14:11:00+01:00,,Fratercula arctica,a3195e8a-67f0-44b5-a93e-7b3633930169,Fratercula arctica,2020,0.2541860342025757,0.7382798790931702
HumanObservation,2023,65.2826424083,-13.9365387607,2023-05-25T21:55:00+00:00,,Rissa tridactyla,a380af1f-3051-4a13-b837-a41ed7801492,Rissa tridactyla,2020,5.743793487548828,12.790201187133789
HumanObservation,2023,65.5421703649,-13.7545709524,2023-07-15T18:32:49+00:00,,Fratercula arctica,a4263e56-b950-4cb8-9086-47be8560890f,Fratercula arctica,2020,3972.853759765625,16.466697692871094
HumanObservation,2023,64.9157628163,-13.7432698533,2023-05-24,,Fratercula arctica,a4c0902a-ddc6-466b-add4-bb496587e7a7,Fratercula arctica,2020,0.05277472734451294,1.8139543533325195
HumanObservation,2023,57.1584805556,9.0246805556,2023-06-05T08:23:00+02:00,,Rissa tridactyla,a51e929f-cb57-4a0b-bee1-967836c3623b,Rissa tridactyla,2020,0.05674942582845688,5.843149185180664
HumanObservation,2023,65.5012416667,-24.529375,2023-06-25T00:17:32+00:00,,Fratercula arctica,a5204cd2-8687-43e2-a923-2e299319630e,Fratercula arctica,2020,0.21914801001548767,0.7743099331855774
HumanObservation,2023,62.008723613,-6.6715838301,2023-06-25T12:32:00+01:00,,Fratercula arctica,a71cf405-cb44-4a12-a8b8-21101cbbce67,Fratercula arctica,2020,211.46539306640625,84.93708038330078
HumanObservation,2023,61.3148710121,-1.5550655331,2023-10-05T09:04:00+00:00,,Rissa tridactyla,a7606f10-454a-49a9-a6a1-244a7cef67cd,Rissa tridactyla,2020,0.12517455220222473,0.14306648075580597
HumanObservation,2023,63.4461217298,-20.2547649445,2023-07-24T14:16:00+00:00,,Fratercula arctica,a8098caf-c3a8-43dd-98ff-784e6e03e6b7,Fratercula arctica,2020,99.29672241210938,50.8785514831543
HumanObservation,2023,63.4017866667,-19.1230111667,2023-07-06T04:25:02+00:00,,Fratercula arctica,a879dddb-ac0f-43b8-9b61-09fc621b9f77,Fratercula arctica,2020,0.0011651238892227411,0.9701371192932129
HumanObservation,2023,62.327331543,-6.941716671,2023-08-01T18:10:11+01:00,,Fratercula arctica,a8a0b21c-24d1-4b2e-a39b-7661a42f832c,Fratercula arctica,2020,0.8316660523414612,8.45693588256836
HumanObservation,2023,63.4035,-20.2871,2023-07-27T16:42:11+00:00,,Fratercula arctica,a8bb8f0a-3e47-4b87-9ab6-eba975d6c3e7,Fratercula arctica,2020,1.1813567876815796,49.52362823486328
HumanObservation,2023,66.537613055,-18.0104833333,2023-07-20T13:20:00+00:00,,Fratercula arctica,a90800dc-b146-4694-a801-d2c6cff8d084,Fratercula arctica,2020,0.6121894121170044,14.761794090270996
HumanObservation,2023,65.500799445,-24.528046945,2023-07-16T13:36:00+00:00,,Fratercula arctica,a9511653-b10d-4fc5-8b81-5a66280c2b38,Fratercula arctica,2020,0.21914801001548767,0.7743099331855774
HumanObservation,2023,66.5316940941,-17.9948135465,2023-06-21T15:30:13+00:00,,Fratercula arctica,a9ef9b3a-35eb-44b2-8162-636a85cdc822,Fratercula arctica,2020,1.5105878114700317,14.761794090270996
HumanObservation,2023,62.3278607651,-6.940713685,2023-07-13T13:34:00+01:00,,Fratercula arctica,aa9f5fd6-b039-4aab-a41e-a04d3b664dc3,Fratercula arctica,2020,0.8316660523414612,6.418519973754883
HumanObservation,2023,67.8310525225,13.1751995818,2023-06-11T11:42:01+02:00,,Rissa tridactyla,ab5d7db5-14c3-4ced-8769-74f1cabbbe38,Rissa tridactyla,2020,14.690083503723145,36.77542495727539
HumanObservation,2023,59.1382590102,-3.3310213306,2023-06-04T14:32:46+01:00,,Fratercula arctica,ab903a08-7a3a-4880-8e64-6c5cd494d029,Fratercula arctica,2020,1.4877269268035889,0.5837444067001343
HumanObservation,2023,63.4450266958,-20.2614583281,2023-07-24T14:41:00+00:00,,Fratercula arctica,abbd2f20-e48a-41d9-b24c-733a40c1a21b,Fratercula arctica,2020,13177.1298828125,50.4283332824707
HumanObservation,2023,65.5419906147,-13.7543657515,2023-06-19T11:35:59+00:00,,Fratercula arctica,ac2c6a67-4516-4a75-b7f4-6b2f36ddfc67,Fratercula arctica,2020,3972.853759765625,16.466697692871094
HumanObservation,2023,64.91505,-24.220017,2023-05-14T21:50,1.0,Physeter macrocephalus,ac610127-ccf8-4198-adae-e36c82bd1c07,Physeter macrocephalus,2020,0.6860198378562927,1.6949973106384277
HumanObservation,2023,62.5003402649,5.666564848,2023-05-30T12:11:00+02:00,,Fratercula arctica,ac7c43d8-5b1a-4a91-96c1-ca879690fe38,Fratercula arctica,2020,3.776214599609375,2.3324084281921387
HumanObservation,2023,64.0437345549,-16.1791399968,2023-02-24T16:53:45+00:00,,Rissa tridactyla,ac9dbc76-cd94-4514-9145-461b7d334c9c,Rissa tridactyla,2020,0.0017587393522262573,0.18859046697616577
HumanObservation,2023,63.401541559,-19.1284310818,2023-06-09T20:25:00+00:00,,Fratercula arctica,acb3c8ae-acfe-4881-9f53-cb1b3ca75663,Fratercula arctica,2020,0.0011651238892227411,0.9701371192932129
HumanObservation,2023,63.4356027778,-20.2857694444,2023-07-09T10:10:08+00:00,,Fratercula arctica,acd18028-2ad5-4a14-b4b0-8fa7c10b74a4,Fratercula arctica,2020,4549.3740234375,50.13553237915039
HumanObservation,2023,64.963051,-19.020835,2023-06-08T08:49:00+00:00,,Fratercula arctica,ace94613-c27c-4d04-8b17-15e688a475a8,Fratercula arctica,2020,,
HumanObservation,2023,63.4386133639,-20.3018240129,2023-07-24T19:34:00+00:00,,Rissa tridactyla,acebc69c-5c6e-4929-b0c8-3ec123b6a81a,Rissa tridactyla,2020,5.957663536071777,49.8538932800293
HumanObservation,2023,63.4450266958,-20.2614583281,2023-07-24T14:29:00+00:00,,Fratercula arctica,ad233410-987b-4313-b786-c75f90c00eb3,Fratercula arctica,2020,13177.1298828125,50.4283332824707
HumanObservation,2023,64.176098718,-21.8848326271,2023-07-23T22:11:12+00:00,,Fratercula arctica,adcc08c0-8258-4ea3-adeb-7a85d3b72456,Fratercula arctica,2020,16.68599510192871,126.24374389648438
HumanObservation,2023,62.5332194146,5.7592809241,2023-07-16T13:31:25+02:00,,Fratercula arctica,ae35409c-93cb-4f68-9a72-4db8e9bd5f89,Fratercula arctica,2020,1.3006141185760498,2.2341010570526123
HumanObservation,2023,66.0475166667,-22.827055,2023-07-24T11:34:35+00:00,,Fratercula arctica,aeb73501-76ef-431d-833f-00aab0950623,Fratercula arctica,2020,3.8011436462402344,31.220014572143555
HumanObservation,2023,63.4480098239,-20.2477585621,2023-05-29T13:50:00+00:00,,Rissa tridactyla,aecea04c-d09a-4a2e-933f-6bbac52c053b,Rissa tridactyla,2020,99.29672241210938,50.8785514831543
HumanObservation,2023,66.5327157524,-17.9967240541,2023-07-20T14:40:00+00:00,,Fratercula arctica,af4bd940-2a3a-4a79-aaa0-ecf9dc8c0156,Fratercula arctica,2020,1.5105878114700317,14.761794090270996
HumanObservation,2023,59.8545598997,-1.2745954997,2023-07-16T12:09:42+01:00,,Fratercula arctica,af9bab4b-3bca-4282-b3b3-9e40649fe16d,Fratercula arctica,2020,0.6041481494903564,1.8420878648757935
HumanObservation,2023,63.4039290366,-19.1040226445,2023-08-11T18:28:46+00:00,,Fratercula arctica,b13d8c32-3566-4e0c-8a15-ff945322b1a0,Fratercula arctica,2020,0.0063093360513448715,0.9070271253585815
HumanObservation,2023,66.5376672217,-18.010714445,2023-07-20T13:37:00+00:00,,Fratercula arctica,b1605d89-93df-4bb1-a1b3-bd8da4d80cc1,Fratercula arctica,2020,0.6121894121170044,14.761794090270996
HumanObservation,2023,64.975674,-24.088898,2023-06-01T11:30:02,1.0,Physeter macrocephalus,b20811db-ed10-4f1f-ae94-8b37d8470dc4,Physeter macrocephalus,2020,1.2754892110824585,2.9497694969177246
HumanObservation,2023,63.4322189959,-20.2793018705,2023-07-22T12:59:00+00:00,,Rissa tridactyla,b2e0816c-e54a-418e-8a93-3ee7b3b0f6f0,Rissa tridactyla,2020,18.193933486938477,50.13553237915039
HumanObservation,2023,64.7676925,-23.617309445,2023-07-13T17:16:00+00:00,,Rissa tridactyla,b3136324-05d7-40fd-b824-2c0e90878edb,Rissa tridactyla,2020,10.351204872131348,9.029241561889648
HumanObservation,2023,65.1888617111,-14.0159925266,2023-06-07T13:46:00+00:00,,Rissa tridactyla,b3fc1041-930d-467f-82c3-1d34b3344a74,Rissa tridactyla,2020,0.0,21.683053970336914
HumanObservation,2023,64.0705324,-22.6512494,2023-06-15T17:54:00+00:00,,Rissa tridactyla,b46afff9-ba55-4095-a55f-8f146eeebd0f,Rissa tridactyla,2020,1.8488099575042725,53.7739372253418
HumanObservation,2023,63.4002334282,-19.0399101377,2023-08-12T21:30:00+00:00,,Fratercula arctica,b57afa51-f76b-4d72-a8d2-3c971ba2abe6,Fratercula arctica,2020,0.004046692978590727,0.9866159558296204
HumanObservation,2023,59.3727331487,-2.4190089375,2023-07-29T10:29:00+01:00,,Rissa tridactyla,b59e7029-b56b-4e03-8f8c-e116b5e66857,Rissa tridactyla,2020,0.0,0.24691732227802277
HumanObservation,2023,66.076667,-17.55,2023-05-13,1.0,Balaenoptera musculus,b5fa9baf-4fce-4096-b39a-6d2a90f55981,Balaenoptera musculus,2020,9.621062278747559,42.36812973022461
HumanObservation,2023,66.1,-17.5,2023-07-02T14:45:14,1.0,Balaenoptera musculus,b70334c0-2a61-4e98-8f8e-75c3d9bf6d3c,Balaenoptera musculus,2020,5.065154552459717,42.224342346191406
HumanObservation,2023,59.3002944444,-2.8651777778,2023-09-08T13:01:00+01:00,,Fratercula arctica,b73feee8-fedc-4321-a64f-558fec9f2f2f,Fratercula arctica,2020,9.972151756286621,6.584095478057861
HumanObservation,2023,64.7353973,-23.775135,2023-07-07T09:34:00+00:00,,Rissa tridactyla,b7ea6b0f-1f14-47cb-9ed4-ab6bc8e733c4,Rissa tridactyla,2020,0.025411320850253105,7.502353668212891
HumanObservation,2023,58.6403833333,-3.0270221667,2023-07-05T20:39:14+01:00,,Fratercula arctica,b86ffc0a-cc0a-46f4-8e0b-f68b4c04cbb3,Fratercula arctica,2020,2.3191490173339844,2.390902280807495
HumanObservation,2023,66.5553767193,-18.0123174083,2023-07-22T13:28:45+00:00,,Fratercula arctica,b905ab79-b64a-49ff-ad0e-a099134951a9,Fratercula arctica,2020,1.8392084836959839,14.99882698059082
HumanObservation,2023,66.5362296267,-18.007680346,2023-07-20T13:48:00+00:00,,Fratercula arctica,ba169249-5cad-4775-9f6e-a4804e51e97b,Fratercula arctica,2020,1.5105878114700317,14.761794090270996
HumanObservation,2023,63.4450266958,-20.2614583281,2023-07-24T14:25:00+00:00,,Fratercula arctica,bac1e9d7-665c-4e42-a142-de261c025cb9,Fratercula arctica,2020,13177.1298828125,50.4283332824707
HumanObservation,2023,67.9084318396,13.0832486492,2023-05-27T19:39:00+02:00,,Rissa tridactyla,bb39bd25-6a77-4670-a0fe-0657be1c2fe4,Rissa tridactyla,2020,8.140392303466797,64.66162109375
HumanObservation,2023,57.1224416667,8.6024383333,2023-01-19T12:56:24+01:00,,Rissa tridactyla,bd905298-7633-4975-9f57-479e06a9233a,Rissa tridactyla,2020,24949.2265625,108.5760269165039
HumanObservation,2023,65.3003604929,-22.9950655997,2023-06-28T07:46:00+00:00,,Fratercula arctica,be3196d7-e242-403a-baa5-f19dc9e7de3e,Fratercula arctica,2020,0.09014376997947693,1.2850923538208008
HumanObservation,2023,63.4391215007,-20.3034081577,2023-07-24T19:48:00+00:00,,Fratercula arctica,bf04604d-b0bd-4573-8556-0af26d0f5e10,Fratercula arctica,2020,5.957663536071777,49.8538932800293
HumanObservation,2023,63.403222,-19.129782,2023-08-13T06:33:00+00:00,,Fratercula arctica,bf39a120-1c98-4ecf-b448-a5fd88ad6bfc,Fratercula arctica,2020,0.0011651238892227411,0.9701371192932129
HumanObservation,2023,65.5421216667,-13.7548083333,2023-08-16T10:44:30+00:00,,Fratercula arctica,bf821318-67df-46b2-a581-a58c44f990cb,Fratercula arctica,2020,3972.853759765625,16.466697692871094
HumanObservation,2023,62.3276186863,-6.9453131215,2023-06-29T12:10:00+01:00,,Fratercula arctica,bf9b9ec7-b150-4451-8041-0cbed779b7d7,Fratercula arctica,2020,0.30417105555534363,6.418519973754883
HumanObservation,2023,64.0498063399,-16.169939297,2023-07-22T13:45:00+00:00,,Rissa tridactyla,c09df502-a044-4fb7-adb8-94af3b1f4b66,Rissa tridactyla,2020,0.0,0.19356860220432281
HumanObservation,2023,63.4035383333,-19.1300166667,2023-08-03T11:38:49+00:00,,Fratercula arctica,c0f4180c-a3a9-4d8b-9335-07717bdf9fa0,Fratercula arctica,2020,0.0011651238892227411,0.9701371192932129
HumanObservation,2023,58.5886869444,-4.7583208333,2023-06-20T10:14:36+01:00,,Fratercula arctica,c28f5501-4adf-4484-82d0-5ed71ad6af21,Fratercula arctica,2020,0.05053827166557312,0.7807495594024658
HumanObservation,2023,59.8537802026,-1.2755630538,2023-06-17T14:29:47+01:00,,Rissa tridactyla,c312ce1b-c27b-4ece-aac6-2fa888d7f90e,Rissa tridactyla,2020,4.102808475494385,1.8420878648757935
HumanObservation,2023,65.5288223651,-23.192177386,2023-06-22T13:27:00+00:00,,Fratercula arctica,c32a7c44-46da-4a1a-820a-89c27c004ba6,Fratercula arctica,2020,423.1888427734375,2.583388566970825
HumanObservation,2023,66.2763658923,-19.0515000531,2023-06-23T20:27:00+00:00,,Fratercula arctica,c3a72f35-9048-4177-9962-0d34827b2060,Fratercula arctica,2020,0.5049039125442505,0.8216004967689514
HumanObservation,2023,64.0475528333,-16.1807883333,2023-09-07T12:13:39+00:00,,Rissa tridactyla,c3b43587-3c40-41d8-8e5a-c188e4c8c97b,Rissa tridactyla,2020,0.0,0.19356860220432281
HumanObservation,2023,65.3761218868,-22.9136349963,2023-06-29T03:09:00+00:00,,Fratercula arctica,c3bed914-4ea1-4a15-b133-416e10e19314,Fratercula arctica,2020,31.35597801208496,1.4203054904937744
HumanObservation,2023,65.6851666667,-18.0743778333,2023-05-25T19:13:09+00:00,,Rissa tridactyla,c5af8c1c-31f8-4ae8-bd91-b24fd3c37ee2,Rissa tridactyla,2020,1378.814453125,201.01576232910156
HumanObservation,2023,63.4450266958,-20.2614583281,2023-07-24T14:17:00+00:00,,Fratercula arctica,c5eb795a-4c71-4e16-aefb-3641fa5bec4f,Fratercula arctica,2020,13177.1298828125,50.4283332824707
HumanObservation,2023,64.7716916074,-23.554342631,2023-07-13T16:54:00+00:00,,Rissa tridactyla,c5ff7034-c28f-4fc4-85a0-c9e27f097277,Rissa tridactyla,2020,1.8836169242858887,8.37494945526123
HumanObservation,2023,63.4130554199,-19.0626773834,2023-08-02T12:02:35+00:00,,Fratercula arctica,c60053d7-bfbe-42ce-bb4e-36962d3ae3dc,Fratercula arctica,2020,0.0,0.7678641080856323
HumanObservation,2023,64.1552218278,-21.8586389831,2023-05-23T09:57:00+00:00,,Rissa tridactyla,c69b512d-750f-4dac-b4a9-3d50f8903d61,Rissa tridactyla,2020,1861.67529296875,190.05136108398438
HumanObservation,2023,63.4589604305,-20.2233911987,2023-07-03T17:10:00+00:00,,Fratercula arctica,c7521e17-92eb-4d52-a62d-78c54685fda5,Fratercula arctica,2020,19.955875396728516,52.155731201171875
HumanObservation,2023,67.8105913833,13.2246723011,2023-07-18T09:03:00+02:00,,Rissa tridactyla,c75690bb-2477-4e7b-a56c-d0d13e606b09,Rissa tridactyla,2020,4.353522300720215,35.645816802978516
HumanObservation,2023,58.066964286,6.539841914,2023-10-14T08:32:01+02:00,,Rissa tridactyla,c7ad8f75-2781-4202-b12c-80f285f37b48,Rissa tridactyla,2020,5.1974406242370605,7.012131214141846
HumanObservation,2023,65.542065051,-13.7547969825,2023-08-11,,Fratercula arctica,c83d404b-6b8c-4199-a92b-2a1710e1b557,Fratercula arctica,2020,3972.853759765625,16.466697692871094
HumanObservation,2023,61.2631648178,-0.9520358619,2023-10-05T11:28:00+00:00,,Rissa tridactyla,c8a7b1ff-3da2-4e7f-a80f-aefa690eb700,Rissa tridactyla,2020,0.07702144980430603,0.06968934834003448
HumanObservation,2023,64.7716916074,-23.554342631,2023-07-13T16:57:00+00:00,,Rissa tridactyla,c96b0f56-2869-4b12-95a4-f379e2a9322f,Rissa tridactyla,2020,1.8836169242858887,8.37494945526123
HumanObservation,2023,64.0489313883,-16.181426945,2023-07-22T21:48:00+00:00,,Rissa tridactyla,cad5e003-d81e-40c0-b2e8-101ebada8008,Rissa tridactyla,2020,0.0,0.19356860220432281
HumanObservation,2023,66.4552209841,-22.8174910773,2023-07-20T16:04:00+00:00,,Rissa tridactyla,caf8821f-dbf4-4fb4-a31c-3ff93f15ffa8,Rissa tridactyla,2020,0.038441386073827744,0.6745139360427856
HumanObservation,2023,64.0705324,-22.6512494,2023-06-15T19:43:00+00:00,,Rissa tridactyla,cd251d29-e23b-4248-8b67-01bf0e7d879f,Rissa tridactyla,2020,1.8488099575042725,53.7739372253418
HumanObservation,2023,63.4033545891,-19.1073019803,2023-08-13T17:16:07+00:00,,Fratercula arctica,cd3a930d-b62e-4094-a863-510bf1c779d7,Fratercula arctica,2020,0.0063093360513448715,0.9070271253585815
HumanObservation,2023,65.5025055956,-24.5316633673,2023-06-13T23:57:17+00:00,,Fratercula arctica,cd484391-78d3-42ae-871e-561d92635a0d,Fratercula arctica,2020,0.4882706105709076,0.7793280482292175
HumanObservation,2023,65.5418840709,-13.7548971646,2023-08-05T12:58:00+00:00,,Fratercula arctica,cd906615-fe18-4e83-8d5c-31bf8c5d255d,Fratercula arctica,2020,3972.853759765625,16.466697692871094
HumanObservation,2023,65.5420411111,-13.7547898761,2023-08-05T12:21:00+00:00,,Fratercula arctica,cda16652-2cbc-47c1-adac-0f18017ced55,Fratercula arctica,2020,3972.853759765625,16.466697692871094
HumanObservation,2023,59.8561557097,-1.2732211918,2023-07-05T10:56:28+01:00,,Fratercula arctica,cded47bc-edda-421c-b53e-381d09f81685,Fratercula arctica,2020,0.6041481494903564,1.852075219154358
HumanObservation,2023,64.0489691667,-16.181495,2023-07-22T21:53:00+00:00,,Rissa tridactyla,ce4426aa-3706-472c-990f-05a3739b9686,Rissa tridactyla,2020,0.0,0.19356860220432281
HumanObservation,2023,62.4362157035,5.768690962,2023-06-23T20:45:00+02:00,,Fratercula arctica,d14e2847-9b87-48d0-bf9a-e94fccf61b1b,Fratercula arctica,2020,0.818157434463501,25.346920013427734
HumanObservation,2023,58.6090477997,-3.3484463997,2023-05-26T22:04:30+01:00,,Fratercula arctica,d2638c12-ee5b-4097-97f3-605900bafbd5,Fratercula arctica,2020,0.0,1.5971944332122803
HumanObservation,2023,66.081892,-17.551167,2023-06-15T11:00,1.0,Balaenoptera musculus,d330be69-6798-40f2-b74e-b90466fa4ebb,Balaenoptera musculus,2020,9.621062278747559,41.757022857666016
HumanObservation,2023,65.5422625,-13.7550397222,2023-08-05T12:41:00+00:00,,Rissa tridactyla,d34140dc-5ecd-4eb9-b7af-4823d64d8109,Rissa tridactyla,2020,3972.853759765625,16.466697692871094
HumanObservation,2023,65.542569,-13.755936,2023-08-11T08:06:00+00:00,,Rissa tridactyla,d3ad42e2-4550-4cd3-a199-cef43fb875bc,Rissa tridactyla,2020,3972.853759765625,16.466697692871094
HumanObservation,2023,62.4031731994,5.4064788194,2023-07-24T23:42:00+02:00,,Fratercula arctica,d667bcf1-48fb-4210-a6d7-87e579fb8f07,Fratercula arctica,2020,2.273125171661377,5.453124523162842
HumanObservation,2023,66.075622,-19.253943,2023-06-11T11:56:00+00:00,,Rissa tridactyla,d6b28421-16a9-4ba1-b693-8f6a6c781244,Rissa tridactyla,2020,0.0,0.10196305811405182
HumanObservation,2023,64.7678833333,-23.6167666667,2023-06-02T13:17:51+00:00,,Rissa tridactyla,d6db2bb5-97b3-4d5c-8ec9-af44b3d44b83,Rissa tridactyla,2020,10.351204872131348,9.029241561889648
HumanObservation,2023,59.8561966667,-1.273005,2023-06-30T10:47:48+01:00,,Fratercula arctica,d78b46ac-9e4b-44e3-bb93-a881ffbdbd9b,Fratercula arctica,2020,0.6041481494903564,1.852075219154358
HumanObservation,2023,65.3801301365,-22.9531115223,2023-06-22T12:39:00+00:00,,Fratercula arctica,d79c02e3-66e6-4cc5-bb05-74452e0f45ba,Fratercula arctica,2020,3.5487515926361084,1.339805006980896
HumanObservation,2023,59.8546447754,-1.2743498087,2023-07-03T11:34:56+01:00,,Fratercula arctica,daa9fd57-c423-4459-9a79-e230fbfa5737,Fratercula arctica,2020,0.6041481494903564,1.8420878648757935
HumanObservation,2023,64.9169580292,-23.887454279,2023-05-31T14:51:00+00:00,,Fratercula arctica,db2fd7b3-5fac-4378-afbc-6dfbdb79c642,Fratercula arctica,2020,8.467702865600586,90.24359893798828
HumanObservation,2023,58.6454565977,-3.5242550508,2023-08-16T05:47:00+01:00,,Fratercula arctica,db52a650-1f5e-466d-9fc6-570ff7a40bf2,Fratercula arctica,2020,7.340718746185303,11.83198356628418
HumanObservation,2023,67.8635091505,12.9126805567,2023-07-15T14:18:56+02:00,,Rissa tridactyla,dbe1d497-69ec-4b81-93b6-ed3d1ea136bb,Rissa tridactyla,2020,0.0,61.87015914916992
HumanObservation,2023,63.4479716667,-20.2645783333,2023-06-13T04:51:00+00:00,,Fratercula arctica,dc2fee46-26c8-4e07-a161-412775c90649,Fratercula arctica,2020,13177.1298828125,50.4283332824707
HumanObservation,2023,65.5420916667,-13.75452,2023-05-19T12:36:29+00:00,,Fratercula arctica,dc3a65aa-5a0e-4cb2-9ed9-44a2f8d9f074,Fratercula arctica,2020,3972.853759765625,16.466697692871094
HumanObservation,2023,65.542084,-13.754628,2023-07-01T05:02:00+00:00,,Fratercula arctica,dcd79fa8-392e-46ff-ac3c-f6651cb1097c,Fratercula arctica,2020,3972.853759765625,16.466697692871094
HumanObservation,2023,64.7350579262,-23.7742367014,2023-06-10T18:28:52+00:00,,Rissa tridactyla,dd373e1a-c708-4475-ae3f-8e32519d4bf4,Rissa tridactyla,2020,0.025411320850253105,7.502353668212891
HumanObservation,2023,66.5378322217,-18.0108411117,2023-07-20T13:20:00+00:00,,Fratercula arctica,de60a2a3-b586-4fbb-87e8-b0c75c03fc08,Fratercula arctica,2020,0.6121894121170044,14.761794090270996
HumanObservation,2023,64.886575555,-24.042851945,2023-07-14T13:11:00+00:00,,Rissa tridactyla,df0104a9-41a8-48a0-bbbb-733537a2a283,Rissa tridactyla,2020,10.41545295715332,2.785814046859741
HumanObservation,2023,66.159263,-17.575006,2023-04-20T12:00,1.0,Balaenoptera musculus,df15ab64-fa25-4a51-b7bc-d38f4e2f2ee6,Balaenoptera musculus,2020,0.3835325241088867,2.1238152980804443
HumanObservation,2023,63.4089017817,-19.0523328503,2023-07-15T17:15:00+00:00,,Fratercula arctica,df367c0d-8b31-43a7-a321-64abcf454b77,Fratercula arctica,2020,0.0,0.8719479441642761
HumanObservation,2023,67.9267300968,13.1557279183,2023-05-27T19:39:00+02:00,,Rissa tridactyla,df73c9e7-0da0-4c12-9677-852105e18d40,Rissa tridactyla,2020,6.623655319213867,74.44471740722656
HumanObservation,2023,66.5368783333,-18.0093163883,2023-07-20T13:24:00+00:00,,Fratercula arctica,df89edb1-6c8f-4bf1-a8e7-6dae9ddf67aa,Fratercula arctica,2020,1.5105878114700317,14.761794090270996
HumanObservation,2023,63.3162761044,-9.0369255525,2023-10-03T17:56:00-01:00,,Rissa tridactyla,e01229a5-16e9-4fac-bdf4-5a1eb4169be2,Rissa tridactyla,2020,0.007920381613075733,0.018337683752179146
HumanObservation,2023,64.8642133333,-24.0396036117,2023-07-14T14:36:00+00:00,,Rissa tridactyla,e0345cc3-773c-4c9b-a614-7a4ef698d8c7,Rissa tridactyla,2020,0.48489275574684143,2.7154572010040283
HumanObservation,2023,63.40453,-20.2858583333,2023-08-01T00:35:24+00:00,,Fratercula arctica,e09f3b8e-e032-4f7a-b3e2-21e1e0553159,Fratercula arctica,2020,1.1813567876815796,49.52362823486328
HumanObservation,2023,63.4390836291,-20.3026086751,2023-07-24T19:49:00+00:00,,Fratercula arctica,e15d81e2-165d-411d-bf9a-9272a71d3e0d,Fratercula arctica,2020,5.957663536071777,49.8538932800293
HumanObservation,2023,63.4045459631,-19.1025122871,2023-07-31T18:06:00+00:00,,Fratercula arctica,e1802ad6-627f-4338-aa81-e12927fbbdb0,Fratercula arctica,2020,0.0063093360513448715,0.9070271253585815
HumanObservation,2023,64.6573793657,-22.2752496334,2023-07-26T19:36:00+00:00,,Fratercula arctica,e317065b-575d-4e9b-bf52-2a26581906bd,Fratercula arctica,2020,,0.0213029645383358
HumanObservation,2023,59.8554897822,-1.2736445031,2023-06-16T15:19:00+01:00,,Fratercula arctica,e32235b4-2da5-42cf-88a0-c4cd308ee870,Fratercula arctica,2020,0.6041481494903564,1.8420878648757935
HumanObservation,2023,62.1036628038,-7.5359319954,2023-07-03T15:54:00+01:00,,Rissa tridactyla,e3f65e9d-47b6-45b0-9561-c238fcbe1bdb,Rissa tridactyla,2020,0.23421624302864075,4.562087059020996
HumanObservation,2023,65.3984536704,-22.9786844286,2023-06-22T12:51:00+00:00,,Fratercula arctica,e43c1a36-690f-4168-8a4d-30994685bf78,Fratercula arctica,2020,1.4997260570526123,1.3938751220703125
HumanObservation,2023,58.6599555556,-3.5126138889,2023-09-05T08:48:00+01:00,,Fratercula arctica,e43fb087-010e-4a9f-9a94-4bbfb43a4c0e,Fratercula arctica,2020,6.94868803024292,10.703522682189941
HumanObservation,2023,64.0704486707,-16.1934261623,2023-06-06T21:09:00+00:00,,Rissa tridactyla,e59a2936-2732-4489-be3b-ebd6a0bd9730,Rissa tridactyla,2020,,0.18465556204319
HumanObservation,2023,63.7856150941,-20.6965149983,2023-11-26T10:40:39+00:00,,Fratercula arctica,e63e2960-2b0a-48ef-881d-40520b836d7d,Fratercula arctica,2020,,0.28893476724624634
HumanObservation,2023,64.0705324,-22.6512494,2023-06-15T19:45:00+00:00,,Rissa tridactyla,e857c6f8-b67a-4051-a097-13de7430056e,Rissa tridactyla,2020,1.8488099575042725,53.7739372253418
HumanObservation,2023,57.1166667,8.6,2023-02-19T16:22:00+01:00,,Rissa tridactyla,e8647171-a0a6-428d-b8ae-1186b6987396,Rissa tridactyla,2020,24949.2265625,108.5760269165039
HumanObservation,2023,67.1510207421,-16.6211671556,2023-09-29T17:43:00-01:00,,Rissa tridactyla,e96a0832-752c-4a8e-81f4-b66d2cf7fa14,Rissa tridactyla,2020,0.21796566247940063,0.1313466876745224
HumanObservation,2023,64.7516193753,-23.6450487304,2023-07-06T10:00:00+00:00,,Rissa tridactyla,e9aeb9fa-063f-4da8-883e-1b527b1112e7,Rissa tridactyla,2020,0.33879104256629944,8.386506080627441
HumanObservation,2023,63.4283409117,-20.3013267517,2023-07-07T13:26:32+00:00,,Fratercula arctica,eb127b8b-cd9f-4595-ba72-549573506532,Fratercula arctica,2020,0.4367242455482483,49.820640563964844
HumanObservation,2023,63.4450266958,-20.2614583281,2023-07-24T14:22:00+00:00,,Fratercula arctica,ebcb13f3-5ce9-4fd0-8b9d-c299fd97a36d,Fratercula arctica,2020,13177.1298828125,50.4283332824707
HumanObservation,2023,65.5448112088,-24.1193737493,2023-07-19T11:54:00+00:00,,Fratercula arctica,ebe8898d-6d7f-41b5-adeb-fbc0be9635fc,Fratercula arctica,2020,,78.59056091308594
HumanObservation,2023,64.7678279691,-23.6163388286,2023-06-02T13:25:46+00:00,,Rissa tridactyla,ec0c8f5b-128d-473d-99c2-388a07268903,Rissa tridactyla,2020,10.351204872131348,9.029241561889648
HumanObservation,2023,59.533905,-1.602095,2023-05-26T09:34:07+01:00,,Fratercula arctica,ed0fc584-2681-4e50-bcbe-5069817f7205,Fratercula arctica,2020,9.582188606262207,0.9262499809265137
HumanObservation,2023,63.4055660977,-19.1116428515,2023-07-31T16:57:00+00:00,,Fratercula arctica,ed87dfd0-59ef-4d67-ba61-93f615f7b024,Fratercula arctica,2020,0.0063093360513448715,0.9070271253585815
HumanObservation,2023,66.4576976375,-18.1686036826,2023-06-19T11:41:00+00:00,,Rissa tridactyla,edc23199-4832-4718-9200-ff3bc5e72122,Rissa tridactyla,2020,0.07449087500572205,0.40829649567604065
HumanObservation,2023,62.3251149,-6.9494209,2023-07-15T21:21:24+01:00,,Fratercula arctica,ee6c69c0-9c49-43d2-adb0-df7d1f652fd8,Fratercula arctica,2020,0.18653295934200287,8.596384048461914
HumanObservation,2023,62.1026870353,-7.6552976669,2023-07-02T12:15:00+01:00,,Fratercula arctica,ee8f0bd5-1bb5-4818-8120-0db8baf50a10,Fratercula arctica,2020,1.597419023513794,0.31569281220436096
HumanObservation,2023,63.4211583147,-19.1008405387,2023-07-22T17:46:46+00:00,,Fratercula arctica,eec71fba-319c-4389-a485-a1f667f32cb8,Fratercula arctica,2020,,0.7684381604194641
HumanObservation,2023,65.8599564565,-20.2947910826,2023-08-13T10:41:00+00:00,,Rissa tridactyla,eeefd5ac-d3e1-4fae-aa9f-75d2fd646b2e,Rissa tridactyla,2020,0.0,58.45728302001953
HumanObservation,2023,66.3642375914,-14.6580785757,2023-07-07T13:37:00+00:00,,Rissa tridactyla,ef07bcaf-915a-472d-baa5-5c831b1ea01a,Rissa tridactyla,2020,0.041228488087654114,0.3508157432079315
HumanObservation,2023,64.7716916074,-23.554342631,2023-07-13T16:59:00+00:00,,Rissa tridactyla,efd97388-d723-4d9a-9d79-ca7885aad1da,Rissa tridactyla,2020,1.8836169242858887,8.37494945526123
HumanObservation,2023,64.7353973,-23.775135,2023-07-07T09:29:00+00:00,,Rissa tridactyla,efe83240-d89c-42a6-bb62-272974213010,Rissa tridactyla,2020,0.025411320850253105,7.502353668212891
HumanObservation,2023,65.5008805556,-24.5280852778,2023-08-16T15:33:00+00:00,,Fratercula arctica,efe8e45e-5278-4e69-966e-e084a1901f2b,Fratercula arctica,2020,0.21914801001548767,0.7743099331855774
HumanObservation,2023,62.2594295179,5.4232307864,2023-01-26,,Fratercula arctica,f1fe609d-b798-470a-98a4-7b73b184b7cd,Fratercula arctica,2020,0.00767528684809804,23.156625747680664
HumanObservation,2023,63.4032638472,-20.2883267957,2023-05-29T17:12:00+00:00,,Fratercula arctica,f263c6ff-5be7-49d9-97a3-ca518c21bb28,Fratercula arctica,2020,1.1813567876815796,49.52362823486328
HumanObservation,2023,64.75157,-23.9019266667,2023-08-10T15:55:00+00:00,,Rissa tridactyla,f27c9ac5-1296-417a-bc9d-f4a17b56f5f0,Rissa tridactyla,2020,0.36628174781799316,1.807261347770691
HumanObservation,2023,57.1429138333,10.426975,2023-10-22T19:52:16+02:00,,Fratercula arctica,f30ffc6d-ff1c-4d08-9706-ba6749475f97,Fratercula arctica,2020,97.2178726196289,1.6517527103424072
HumanObservation,2023,63.4073978971,-19.1047570227,2023-06-07T19:04:00+00:00,,Fratercula arctica,f34c0b2c-d41d-41bc-b630-7266aab46605,Fratercula arctica,2020,0.0063093360513448715,0.9070271253585815
HumanObservation,2023,65.5424351551,-13.7482517435,2023-06-05T16:56:00+00:00,,Fratercula arctica,f4f74096-f1bf-4181-bf05-3dc80ce13a87,Fratercula arctica,2020,3972.853759765625,16.466697692871094
HumanObservation,2023,58.630494288,-3.0340853641,2023-06-10T08:57:00+01:00,,Rissa tridactyla,f558afbd-1155-4c5e-b0dd-a720de4c4e93,Rissa tridactyla,2020,1.0979679822921753,2.177053451538086
HumanObservation,2023,64.049101,-16.181527,2023-08-12T08:55:00+00:00,,Rissa tridactyla,f78a6085-8b20-4fd3-af1e-380dfb45263b,Rissa tridactyla,2020,0.0,0.19356860220432281
HumanObservation,2023,64.0458136111,-16.1795086111,2023-08-03T14:04:00+00:00,,Rissa tridactyla,f7bc5626-8039-415b-9909-36faea3297fe,Rissa tridactyla,2020,0.0,0.19356860220432281
HumanObservation,2023,65.6063741326,-20.6352624129,2023-06-01T17:01:00+00:00,,Rissa tridactyla,f8555e56-4615-4882-8dad-05d9e5310707,Rissa tridactyla,2020,0.0,0.03656208887696266
HumanObservation,2023,64.047803055,-16.180913055,2023-07-22T22:06:00+00:00,,Rissa tridactyla,f8595e14-1658-41b2-bd07-11e833793457,Rissa tridactyla,2020,0.0,0.19356860220432281
HumanObservation,2023,63.4442583333,-20.3022722222,2023-05-05T22:21:00+00:00,,Fratercula arctica,f89022c5-4abe-417f-bbae-660bb5e85b72,Fratercula arctica,2020,12.264752388000488,49.883949279785156
HumanObservation,2023,65.4992978239,-24.510755512,2023-06-30T08:18:00+00:00,,Fratercula arctica,f9dd45fe-61be-402a-b457-d1a2ec867e6f,Fratercula arctica,2020,0.21914801001548767,0.7743099331855774
HumanObservation,2023,67.8340877572,12.8912035033,2023-07-18T11:28:00+02:00,,Rissa tridactyla,fb322df9-7c43-4e5f-b78a-76228855cc4d,Rissa tridactyla,2020,4.871072769165039,36.901519775390625
HumanObservation,2023,63.4036638889,-19.1300611111,2023-06-10T01:16:00+00:00,,Fratercula arctica,fb34fe62-97c6-42bc-a213-6bde6d3b88e1,Fratercula arctica,2020,0.0011651238892227411,0.9701371192932129
HumanObservation,2023,64.1742958921,-21.9623392169,2023-06-01T13:23:18+00:00,,Fratercula arctica,fb3fe1fe-ff13-4357-bd69-a4a8427bd1de,Fratercula arctica,2020,43.554161071777344,94.5106201171875
HumanObservation,2023,66.1135237473,-17.413473053,2023-06-06T08:08:00+00:00,,Rissa tridactyla,fb7ec0ee-2b9a-4929-b811-8caac1952b52,Rissa tridactyla,2020,3.880598783493042,44.6925048828125
HumanObservation,2023,61.6855754911,-6.7415479571,2023-07-21T12:07:08+01:00,,Fratercula arctica,fb8b3ac3-e4a1-4c3e-9964-2ae3f82391cc,Fratercula arctica,2020,0.08514668792486191,0.6917353272438049
HumanObservation,2023,66.5617807164,-13.6235575005,2023-07-27T19:33:43-01:00,,Rissa tridactyla,fc155838-fad8-4176-9db5-2c88cd91f4e7,Rissa tridactyla,2020,0.013235481455922127,0.04150780662894249
HumanObservation,2023,62.3718224284,5.7611229457,2023-05-15T18:05:00+02:00,,Fratercula arctica,fc5edf3b-a6fb-4fba-8eeb-cc997a905d9d,Fratercula arctica,2020,4.144409656524658,105.47017669677734
HumanObservation,2023,66.1136304673,-17.3696698458,2023-06-04T08:59:00+00:00,,Fratercula arctica,fc77e7ce-6270-4e99-a270-8219af327d3b,Fratercula arctica,2020,22.969921112060547,48.89598083496094
HumanObservation,2023,57.1585044555,9.0251544038,2023-08-05T19:46:00+02:00,,Rissa tridactyla,fcc55c2f-e4fb-4fae-bafd-a3fa49abe614,Rissa tridactyla,2020,0.05674942582845688,5.843149185180664
HumanObservation,2023,64.0676160412,-21.9713795193,2023-02-24T15:46:00+00:00,,Rissa tridactyla,fd3b5e2d-5b6a-498b-95ed-1ae3fa367551,Rissa tridactyla,2020,5469.10107421875,218.4965057373047
HumanObservation,2023,64.169063489,-21.9693333283,2023-06-01T13:51:31+00:00,,Fratercula arctica,fd6287ff-047b-4812-a800-ca76c79ea31a,Fratercula arctica,2020,43.554161071777344,94.5106201171875
HumanObservation,2023,65.3783938675,-22.9095706352,2023-06-21T16:18:00+00:00,,Fratercula arctica,fdc45681-184a-4da5-b8a5-f0aad9774596,Fratercula arctica,2020,31.35597801208496,1.4203054904937744
HumanObservation,2023,67.8150282835,12.8917789519,2023-07-15T14:23:26+02:00,,Rissa tridactyla,fde5671d-cc07-4053-91df-8a821181c8f9,Rissa tridactyla,2020,1.8524590730667114,36.28358840942383
HumanObservation,2023,65.5418783333,-13.7547883333,2023-06-29T10:26:19+00:00,,Fratercula arctica,fe2e5496-c0c8-420d-9afa-90a0f4ee18b4,Fratercula arctica,2020,3972.853759765625,16.466697692871094
HumanObservation,2023,65.5421916667,-13.7549555556,2023-06-05T07:30:00+00:00,,Fratercula arctica,fe5fb571-7f47-4ac6-ba05-15f3665acd55,Fratercula arctica,2020,3972.853759765625,16.466697692871094
HumanObservation,2023,63.3989840295,-20.2920211822,2023-06-26T00:48:00+00:00,,Fratercula arctica,fea27d01-db48-43c7-98b2-b2ff2341ccba,Fratercula arctica,2020,1.1087168455123901,49.52362823486328
HumanObservation,2023,65.9017150225,-16.0653276382,2023-05-29T18:12:13+00:00,,Fratercula arctica,ff06c58f-4071-4978-856f-3e1fd5bf68da,Fratercula arctica,2020,,
HumanObservation,2023,64.9389451138,-19.1132996684,2023-07-13T19:11:08+00:00,,Fratercula arctica,ff0f4cd1-3400-4e5f-b9b9-31afda8bc832,Fratercula arctica,2020,,
HumanObservation,2023,66.076667,-17.55,2023-05-13,1.0,Balaenoptera musculus,ffc18197-dd4e-4c99-8ec2-ee666112ced5,Balaenoptera musculus,2020,9.621062278747559,42.36812973022461
HumanObservation,2023,66.081892,-17.551167,2023-06-15T11:00,1.0,Balaenoptera musculus,fff72bd9-82ac-4900-86fe-4557f34fc911,Balaenoptera musculus,2020,9.621062278747559,41.757022857666016
HumanObservation,2023,65.4992978239,-24.510755512,2023-06-30T07:48:00+00:00,,Rissa tridactyla,fffd70b2-ef3f-4509-9e2e-6bff0bea63ea,Rissa tridactyla,2020,0.21914801001548767,0.7743099331855774
